"Code","Year","Estimate","Low","High"
"SLB",2009,27.68252,12.67158,50.88126
"KOR",2008,0,0,0
"KEN",2009,23.40821,22.87863,23.9774
"KOR",2023,0,0,0
"GHA",2002,86.50521,83.38391,90.01243
"PRK",2001,0,0,0
"GHA",2006,64.92424,62.7367,67.32
"CHN",2004,0.00569,0.00569,0.00569
"UZB",2001,0,0,0
"CMR",2020,51.59371,42.94825,62.78014
"BEN",2006,167.10682,156.9265,178.04635
"AGO",2023,43.99739,30.4926,68.90637
"SLE",2008,225.11664,210.56124,240.29971
"CIV",2021,37.94906,32.62512,44.29527
"KHM",2017,2.93851,1.46051,4.59142
"PRY",2016,0,0,0
"IDN",2014,0.73201,0.36813,1.11637
"GMB",2013,32.13204,30.4684,33.98581
"BGD",2014,0.93985,0.43468,1.48614
"GHA",2014,51.29523,49.27324,53.62748
"NIC",2017,0.01799,0.01799,0.01799
"DOM",2010,0.27731,NA,NA
"COM",2013,19.3912,9.04923,29.87682
"GTM",2004,0.02069,0.02069,0.02069
"BOL",2015,0.06004,0.02001,0.12007
"SEAR",2017,0.77411,0.41749,1.20613
"BOL",2014,0.08127,0.02032,0.16254
"MEX",2023,0,0,0
"NAM",2016,3.35722,NA,NA
"COD",2001,196.71167,179.92368,216.37133
"ZWE",2018,14.33455,5.41431,27.1404
"AMR",2006,0.43646,0.33107,0.60138
"GHA",2018,36.2398,34.78734,38.00561
"HND",2011,0.02585,0.02585,0.02585
"PRK",2005,0,0,0
"MWI",2000,167.12705,159.13832,175.53134
"MRT",2016,24.17625,6.97392,56.25626
"ECU",2021,0,0,0
"KHM",2023,0.01614,0,0.03227
"SEN",2002,31.94087,31.22428,32.69568
"SDN",2006,12.23727,4.84786,23.25245
"TLS",2014,0.08996,0.08996,0.08996
"CHN",2018,0,0,0
"DZA",2007,0,0,0
"TJK",2000,0,0,0
"BGD",2017,0.41765,0.19452,0.65794
"OMN",2013,0,0,0
"OMN",2007,0,0,0
"TUR",2015,0,0,0
"SAU",2012,0,0,0
"SYR",2015,0,0,0
"SDN",2021,16.19409,5.75032,34.15883
"CPV",2017,1.49979,NA,NA
"SLE",2023,78.42315,62.71488,98.76471
"GIN",2016,94.56615,86.1507,104.21576
"VUT",2022,0,0,0
"COM",2023,6.23246,2.93984,9.64267
"MYS",2016,0.15728,0.15728,0.15728
"ZMB",2009,46.67026,45.18773,48.38259
"SUR",2023,0,0,0
"TUR",2001,0,0,0
"GUF",2017,0,0,0
"TJK",2017,0,0,0
"NAM",2023,0.97791,0.97791,0.97791
"CIV",2019,40.18372,36.11179,44.68838
"TGO",2003,110.2993,103.95943,117.32358
"BRA",2014,0.08863,NA,NA
"CHN",2001,0.00561,0.00561,0.00561
"KOR",2016,0,0,0
"MLI",2016,90.07212,80.75526,100.85839
"TKM",2005,0,0,0
"SWZ",2007,5.56652,5.56652,5.56652
"GTM",2016,0,0,0
"MOZ",2009,105.65948,97.48682,114.65844
"ZWE",2011,17.26231,6.76294,31.94649
"NER",2016,169.60949,152.69918,189.02382
"MMR",2001,7.05651,7.05651,7.05651
"PRK",2003,0,0,0
"GNQ",2015,53.71674,45.53198,64.85901
"PHL",2009,0.21176,0.08762,0.38153
"EMR",2001,4.00924,2.50522,7.57672
"SEN",2016,11.64653,4.75572,21.07151
"KGZ",2012,0,0,0
"TKM",2006,0,0,0
"GAB",2008,17.54632,16.613,18.54185
"MYS",2015,0.32018,0.32018,0.32018
"GTM",2002,0,0,0
"THA",2002,2.96018,2.96018,2.96018
"ZAF",2002,1.99919,1.99919,1.99919
"BLZ",2008,0,0,0
"NPL",2014,0,0,0
"NIC",2007,0,0,0
"MYS",2022,0,0,0
"BLZ",2014,0,0,0
"CRI",2001,0,0,0
"BEN",2002,111.82441,105.75309,118.45597
"GTM",2005,0.04049,0.04049,0.04049
"PHL",2006,0.39076,0.17132,0.6949
"CIV",2004,174.31998,163.16905,186.61904
"BEN",2007,157.29337,147.26402,167.83619
"HND",2002,0,0,0
"UZB",2005,0,0,0
"CRI",2021,0,0,0
"IDN",2012,1.12268,0.57103,1.72063
"ARG",2021,0,0,0
"GNQ",2014,55.5783,47.43443,66.07959
"PRY",2012,0,0,0
"BDI",2022,53.64423,39.95166,78.46201
"TKM",2012,0,0,0
"MRT",2023,9.81594,2.86713,22.57866
"MYS",2013,0.82852,0.82852,0.82852
"TGO",2000,96.06937,90.81648,101.88645
"MRT",2012,18.4856,17.96059,19.09349
"VUT",2015,0,0,0
"PAN",2022,0,0,0
"MRT",2001,24.60094,23.70501,25.68353
"ARE",2014,0,0,0
"ERI",2022,9.26837,3.63695,17.01229
"SAU",2001,0,0,0
"ZAF",2022,0.4649,0.4649,0.4649
"TCD",2000,117.26018,110.20462,125.02843
"EMR",2006,2.87738,1.78881,5.87372
"VUT",2000,18.252,6.9787,36.50399
"KGZ",2005,0,0,0
"AZE",2008,0,0,0
"CHN",2008,0.00412,0.00412,0.00412
"TJK",2018,0,0,0
"GUY",2014,3.57981,1.72361,6.36411
"EMR",2000,3.96084,2.45905,7.17376
"MRT",2002,23.5152,22.71189,24.50109
"BLZ",2004,0.53343,0.53343,0.53343
"THA",2008,0.78712,0.78712,0.78712
"CAF",2010,124.46041,111.75174,138.43772
"CRI",2002,0,0,0
"NPL",2018,0,0,0
"PAK",2020,0.19651,0.10042,0.32161
"ARM",2006,0,0,0
"BTN",2010,0.3852,0.3852,0.3852
"BFA",2019,77.67883,60.18989,102.63357
"PAN",2023,0,0,0
"SUR",2002,20.45269,20.45269,20.45269
"ZWE",2017,29.35592,11.46244,55.70358
"MRT",2014,18.81246,18.18884,19.51403
"TZA",2011,45.62957,44.1957,47.20465
"IRN",2001,0.29041,0.29041,0.29041
"SWZ",2012,0.95335,0.95335,0.95335
"GTM",2014,0.00845,0.00845,0.00845
"LAO",2005,2.81586,1.11325,5.33705
"SDN",2019,14.65042,4.87605,32.17472
"CMR",2017,49.41024,45.28236,53.94014
"BLZ",2018,0,0,0
"MEX",2002,0,0,0
"PER",2013,0.38424,0.18785,0.60625
"MEX",2005,0,0,0
"SYR",2022,0,0,0
"SYR",2012,0,0,0
"TZA",2006,62.81688,60.38233,65.39785
"MMR",2015,1.08063,0.51223,1.76584
"VNM",2006,0.07761,0.03633,0.1189
"MDG",2007,7.57927,1.83071,17.46197
"KHM",2018,2.28893,1.16606,3.4809
"SDN",2007,10.85028,4.49875,20.03113
"NIC",2001,0.04467,0.04467,0.04467
"TZA",2000,129.24641,123.5138,135.42853
"NGA",2005,144.6752,135.73623,153.94863
"IRN",2006,0.13345,0.13345,0.13345
"STP",2020,0,0,0
"CMR",2005,120.35425,112.24279,128.90497
"SLV",2004,0,0,0
"EGY",2002,0,0,0
"ARG",2002,0,0,0
"SEAR",2020,0.45388,0.25196,0.6937
"SLB",2010,30.89239,13.83524,55.72002
"GLOBAL",2009,20.70137,19.47146,21.80505
"KEN",2010,23.23157,22.6979,23.78688
"SEAR",2018,0.48282,0.2715,0.7341
"IRQ",2013,0,0,0
"DZA",2004,0,0,0
"SOM",2006,30.27652,13.08346,52.67231
"ZAF",2021,0.91053,0.91053,0.91053
"AFG",2010,0.75558,0.30681,1.44705
"PER",2014,0.50726,0.25363,0.80316
"TUR",2017,0,0,0
"VEN",2017,2.77439,1.44608,4.20738
"WPR",2004,0.82343,0.42821,1.42721
"ZMB",2018,44.76573,41.57216,48.76619
"BEN",2020,78.95843,66.58655,94.00797
"SOM",2022,14.08277,5.52188,27.31731
"GLOBAL",2010,19.48114,18.47961,20.99017
"MOZ",2013,94.86017,82.58152,110.37614
"MYS",2014,0.32577,0.32577,0.32577
"LAO",2012,5.12963,2.18157,9.13973
"IRN",2018,0,0,0
"PRK",2014,0,0,0
"BGD",2023,0.16776,0.08117,0.26517
"UGA",2000,175.23224,166.38636,184.63635
"PAN",2019,0,0,0
"MEX",2020,0,0,0
"BTN",2019,0,0,0
"BFA",2007,225.0561,208.4931,243.22544
"AGO",2003,121.72509,108.38894,137.80315
"SUR",2001,32.0049,32.0049,32.0049
"ECU",2019,0,0,0
"SLE",2015,149.95052,136.42328,164.68554
"PRK",2015,0,0,0
"MYS",2008,1.81356,1.81356,1.81356
"AFG",2011,0.84736,0.32658,1.61086
"NGA",2023,81.04556,59.14511,115.82002
"DJI",2022,9.4989,4.57355,14.54153
"MRT",2015,18.93616,18.25536,19.69259
"VUT",2013,0,0,0
"PRY",2020,0,0,0
"CPV",2001,0,0,0
"ETH",2016,21.53969,5.18229,53.83201
"KGZ",2016,0,0,0
"CPV",2007,1.55028,1.55028,1.55028
"COG",2015,39.58741,35.5659,44.86443
"IDN",2016,0.71535,0.35824,1.09627
"KGZ",2010,0,0,0
"COM",2018,4.9249,2.33285,7.64655
"ERI",2019,13.48685,5.2466,24.84496
"SAU",2006,0,0,0
"HTI",2020,1.03529,0.39819,1.93122
"BGD",2022,0.2246,0.10408,0.35607
"VNM",2022,0,0,0
"AMR",2022,0.21063,0.15634,0.26885
"GMB",2006,28.15875,27.22596,29.20814
"ERI",2018,6.13889,2.44303,11.27551
"PRY",2008,0,0,0
"MYS",2019,0,0,0
"TGO",2018,43.08143,38.37129,48.49386
"SSD",2019,75.75275,42.34709,135.79083
"SUR",2017,1.14037,NA,NA
"AZE",2012,0,0,0
"KEN",2005,28.3743,27.52784,29.30455
"SDN",2005,12.65416,5.022,23.87225
"SWZ",2006,8.89205,8.89205,8.89205
"THA",2016,0.2008,0.2008,0.2008
"HTI",2017,0.86913,0.35179,1.61411
"EMR",2007,2.35657,1.47614,3.53003
"NGA",2013,90.50953,81.52799,101.04211
"HTI",2021,0.5609,0.21649,1.1218
"CAF",2017,103.84875,89.22481,120.89315
"VUT",2019,0,0,0
"SUR",2020,0,0,0
"BWA",2002,1.98834,1.98834,1.98834
"THA",2009,0.54152,0.54152,0.54152
"TGO",2021,39.93973,33.63227,48.42101
"IDN",2013,0.95602,0.48191,1.46374
"EUR",2021,0,0,0
"AFR",2008,94.22857,88.89034,96.92258
"CAF",2008,138.93449,125.51045,153.32367
"GUF",2018,0,0,0
"PER",2007,0.38373,0.19633,0.60683
"BFA",2010,234.56251,213.00639,257.7259
"YEM",2005,17.00909,5.19476,82.24204
"COM",2007,14.42637,5.02491,28.85273
"SEAR",2021,0.45234,0.25877,0.6871
"SOM",2021,14.26633,5.63344,27.46197
"SSD",2003,140.05249,122.27794,159.05837
"EMR",2004,2.7661,1.71648,5.23367
"GNQ",2012,50.48385,44.76286,57.51912
"MAR",2012,0,0,0
"BWA",2010,0.59351,0.59351,0.59351
"DOM",2020,0.03298,0.03298,0.03298
"IDN",2015,0.63064,0.31894,0.96296
"KHM",2012,3.60243,1.80592,5.56824
"TUR",2014,0,0,0
"BEN",2003,124.4776,117.51444,131.99681
"TJK",2020,0,0,0
"DOM",2021,0.01632,0.01632,0.01632
"LBR",2023,64.4635,51.68367,85.3445
"MWI",2011,67.23868,63.77325,71.05787
"TZA",2008,51.44615,49.73834,53.31598
"PAK",2007,0.48463,0.15162,1.33313
"NPL",2005,0.13088,0.13088,0.13088
"COL",2014,0.1649,0.1649,0.1649
"COG",2006,53.03057,50.21617,56.15768
"ZAF",2020,0.62745,0.62745,0.62745
"ETH",2000,50.19217,19.12944,98.27107
"ECU",2002,0.85957,0.85957,0.85957
"MWI",2020,38.00063,32.18509,47.75304
"GUY",2022,3.77296,1.82562,5.842
"GNB",2011,53.97755,49.12703,60.07179
"SSD",2010,70.13167,55.63335,87.67742
"BFA",2023,70.12142,48.98847,104.40929
"AFR",2012,71.34157,68.07883,75.9841
"ARG",2000,0,0,0
"GTM",2023,0,0,0
"SWZ",2009,4.20111,4.20111,4.20111
"GAB",2017,18.82331,16.5979,21.88326
"MMR",2009,7.1305,3.23614,12.8389
"BGD",2020,0.0837,0.03348,0.13391
"BWA",2007,0.47353,0.47353,0.47353
"SEN",2007,29.85469,29.18352,30.55136
"BWA",2015,0.3423,0.3423,0.3423
"MOZ",2005,141.18497,130.80307,152.56677
"MEX",2018,0,0,0
"AGO",2001,140.6742,126.36122,157.97873
"GNQ",2002,62.03342,58.27382,66.9209
"SAU",2009,0,0,0
"STP",2012,3.69512,NA,NA
"NIC",2015,0.01848,0.01848,0.01848
"MYS",2005,3.19321,3.19321,3.19321
"TGO",2022,38.802,32.19015,47.87817
"KAZ",2013,0,0,0
"BWA",2005,0.90179,0.90179,0.90179
"DJI",2011,0.7029,0.28116,1.4058
"ECU",2017,0,0,0
"EGY",2018,0,0,0
"NIC",2013,0,0,0
"NPL",2023,0,0,0
"KEN",2023,20.74125,20.02927,21.58333
"PER",2010,0.17507,0.07878,0.27136
"AGO",2012,44.26193,35.21006,56.76918
"GUF",2020,0,0,0
"MMR",2011,7.46453,3.31886,12.95726
"SDN",2022,15.9325,5.50788,34.17357
"WPR",2018,0.39498,0.19314,0.67435
"KOR",2020,0,0,0
"CRI",2007,0,0,0
"GUF",2001,3.21737,3.21737,3.21737
"SLE",2013,170.67192,157.41614,184.9554
"PNG",2017,27.34588,11.21045,49.9528
"DZA",2002,0,0,0
"NPL",2021,0.01168,0.01168,0.01168
"ZAF",2012,1.33872,NA,NA
"BEN",2008,128.28784,119.92242,137.19534
"DZA",2016,0,0,0
"PRK",2022,0,0,0
"MAR",2019,0,0,0
"GTM",2011,0,0,0
"KAZ",2018,0,0,0
"MOZ",2015,82.36535,68.73322,101.61014
"NPL",2006,0.5444,0.5444,0.5444
"SSD",2004,123.97275,108.30852,141.37899
"AZE",2017,0,0,0
"EUR",2013,0,0,0
"SWZ",2023,2.03169,NA,NA
"BDI",2012,49.94525,46.06283,54.57239
"CHN",2016,0,0,0
"PHL",2018,0.03935,0.01574,0.0724
"YEM",2018,10.50203,4.2072,20.39806
"SDN",2014,9.00747,3.87905,15.77931
"SSD",2013,61.16632,44.75956,82.54342
"GTM",2006,0.01982,0.01982,0.01982
"VEN",2005,0.25387,0.12693,0.38827
"BGD",2010,1.01202,0.45724,1.63996
"GIN",2003,137.39489,129.46972,146.0638
"EGY",2007,0,0,0
"BFA",2008,236.36637,217.70742,256.43441
"SYR",2006,0,0,0
"TZA",2005,70.11369,67.25007,73.07933
"KHM",2014,3.64282,1.80772,5.7338
"ETH",2015,30.23518,6.54247,74.33061
"ARG",2013,0,0,0
"COD",2023,63.77179,40.82341,103.80533
"MMR",2020,0.1667,0.08443,0.26412
"GTM",2017,0,0,0
"TGO",2008,75.80692,71.17497,80.89421
"CRI",2004,0,0,0
"EMR",2016,1.90575,1.15479,2.94507
"EUR",2000,0,0,0
"GUF",2008,1.5988,1.5988,1.5988
"YEM",2019,9.80126,4.02217,18.78391
"CAF",2009,162.19751,145.96893,179.8392
"HTI",2000,2.48039,0.91666,5.01469
"UGA",2009,86.47378,81.79669,91.35119
"SEN",2012,13.57575,5.51445,24.43223
"UZB",2002,0,0,0
"ETH",2001,46.21,10.59798,104.38439
"AZE",2015,0,0,0
"TZA",2016,43.38956,41.8252,45.21778
"MRT",2022,12.28557,3.77387,26.74574
"TLS",2006,35.49273,14.80678,63.69094
"ZAF",2023,1.01246,NA,NA
"MAR",2015,0,0,0
"RWA",2014,26.03663,25.18312,27.04853
"GMB",2018,25.00383,23.83699,26.37904
"NER",2022,137.49225,113.21905,168.72262
"BRA",2016,0.08484,0.08484,0.08484
"PHL",2023,0.04949,0.021,0.09148
"EMR",2020,2.38348,1.33345,4.0398
"BOL",2016,0.03943,0,0.09858
"AMR",2000,0.72134,0.63005,0.94805
"IRN",2009,0,0,0
"ETH",2023,21.21692,7.77162,41.02258
"ARM",2008,0,0,0
"SEAR",2009,2.51808,1.3263,4.19368
"GLOBAL",2019,13.7263,12.75832,15.70329
"COL",2001,1.91099,1.91099,1.91099
"PAN",2014,0,0,0
"AFR",2018,57.76828,53.84663,65.35761
"KHM",2005,7.37413,3.55632,11.72539
"CPV",2005,1.58567,1.58567,1.58567
"GIN",2020,83.14896,69.11131,101.94311
"LAO",2018,0.62012,0.26962,1.13239
"TUR",2007,0,0,0
"SLB",2015,9.00445,4.42324,14.53351
"KOR",2005,0,0,0
"VNM",2012,0.05002,0.02425,0.07731
"UZB",2009,0,0,0
"GIN",2000,173.2506,163.48649,183.9401
"PHL",2012,0.0602,0.0258,0.10664
"PAN",2021,0,0,0
"ARG",2008,0,0,0
"GIN",2002,149.08812,140.59152,158.39171
"IND",2011,2.18195,1.02953,3.73519
"ARE",2017,0,0,0
"MEX",2012,0,0,0
"NAM",2020,1.61592,NA,NA
"ZWE",2012,13.93308,5.59713,25.29324
"HND",2019,0,0,0
"AFG",2023,0.63113,0.27495,1.06237
"UZB",2010,0,0,0
"MEX",2015,0,0,0
"PRY",2009,0,0,0
"BRA",2020,0.1204,0.1204,0.1204
"NIC",2022,0,0,0
"EGY",2013,0,0,0
"EUR",2003,0,0,0
"SEN",2015,17.21334,7.03061,31.3914
"BLZ",2011,0,0,0
"SEN",2011,12.36216,5.06988,22.20116
"MOZ",2020,72.42472,45.1667,121.07394
"NER",2002,166.4002,156.01891,177.73702
"STP",2019,0,0,0
"IRN",2005,0.13636,0.13636,0.13636
"AFG",2003,4.54657,2.09666,8.21573
"IRQ",2010,0,0,0
"PHL",2001,0.92921,0.92921,0.92921
"HND",2014,0.02436,0.02436,0.02436
"SYR",2007,0,0,0
"IRQ",2021,0,0,0
"MDG",2008,7.3887,2.58079,15.57088
"MYS",2023,0,0,0
"DJI",2008,0.74685,0.29874,1.34433
"HTI",2018,0.40841,0.16337,0.76578
"BTN",2016,0,0,0
"GNB",2007,54.99712,51.55119,58.92549
"AGO",2022,56.92713,36.5789,94.53086
"ETH",2011,26.37272,8.73978,67.94574
"GIN",2007,102.84322,96.61281,109.54971
"VNM",2014,0.03404,0.01628,0.05328
"HND",2021,0,0,0
"COD",2003,186.91683,170.21936,205.54942
"TJK",2004,0,0,0
"SUR",2012,0,0,0
"CIV",2006,138.59578,129.52867,148.56813
"HND",2020,0,0,0
"ECU",2004,0.47977,0.47977,0.47977
"PRY",2000,0,0,0
"SAU",2010,0,0,0
"BLZ",2010,0,0,0
"PAN",2001,0.04862,0.04862,0.04862
"GAB",2006,17.23753,16.50825,18.232
"SLV",2009,0,0,0
"SOM",2008,15.19324,6.62775,26.62268
"HND",2001,0,0,0
"ZMB",2007,50.91888,49.18391,52.7971
"LAO",2008,3.25048,1.31269,6.09465
"WPR",2013,0.54479,0.24876,0.99601
"MMR",2018,0.36011,0.17347,0.58407
"CIV",2008,141.66301,131.98567,152.17235
"TCD",2001,91.68878,86.36017,97.5112
"SEAR",2010,2.5139,1.40827,4.02556
"CAF",2015,93.64226,81.84787,107.20797
"BDI",2011,48.88877,45.52387,52.78876
"KHM",2016,1.80892,0.87786,2.83752
"IDN",2000,0.71733,0.34108,1.21485
"AMR",2008,0.34784,0.23962,0.52549
"STP",2010,7.70069,NA,NA
"SOM",2012,8.74718,3.65937,15.65705
"GUF",2016,0,0,0
"SEN",2022,14.71863,5.76734,28.66676
"CPV",2014,0.75073,0.75073,0.75073
"BWA",2022,0.37092,0.37092,0.37092
"KHM",2009,8.39872,3.87936,14.10969
"RWA",2018,25.16817,23.87092,27.05798
"ZMB",2010,45.49037,44.04396,47.16591
"PHL",2021,0.03352,0.01371,0.06094
"PRK",2007,0,0,0
"NGA",2007,151.14578,141.14691,161.45984
"GNQ",2022,44.35709,36.53915,59.21671
"GLOBAL",2003,25.66742,24.44333,26.78518
"WPR",2016,0.39476,0.19317,0.67309
"CPV",2023,0,0,0
"AFR",2022,54.17176,50.26064,65.91534
"SEAR",2011,2.10309,1.18883,3.32722
"SUR",2003,24.06514,24.06514,24.06514
"HND",2007,0.02818,0.02818,0.02818
"GEO",2015,0,0,0
"GIN",2022,73.16186,61.69986,88.35915
"GIN",2018,91.24129,81.88261,102.92194
"IDN",2006,0.8365,0.42401,1.26993
"ZAF",2007,0.73226,0.73226,0.73226
"SOM",2016,14.15455,5.25482,28.17739
"CRI",2009,0.0635,0.0635,0.0635
"VEN",2009,0.25318,0.13362,0.3868
"TZA",2021,40.03634,37.5105,43.16067
"CHN",2011,0.0058,0.0058,0.0058
"WPR",2014,0.51407,0.2535,0.91361
"NAM",2006,36.11501,36.11501,36.11501
"BGD",2008,1.63885,0.74493,2.73762
"VUT",2009,9.45301,3.43746,19.33571
"KOR",2009,0.02943,0.02943,0.02943
"GIN",2008,106.60814,100.03163,113.76047
"ETH",2004,45.03745,12.03866,138.37776
"NER",2009,164.02116,151.97861,177.55019
"ERI",2000,4.36131,1.06808,10.63626
"VEN",2002,0.18085,0.18085,0.18085
"IND",2016,1.20929,0.56236,2.03881
"OMN",2005,0,0,0
"CHN",2014,0,0,0
"KAZ",2010,0,0,0
"SLV",2017,0,0,0
"ECU",2022,0.0099,0.0099,0.0099
"NAM",2018,2.83514,NA,NA
"TKM",2003,0,0,0
"HTI",2008,2.68938,1.02173,5.37875
"ETH",2022,12.39718,4.48723,24.24212
"COL",2005,0.93278,0.93278,0.93278
"TJK",2011,0,0,0
"EMR",2017,2.0246,1.17729,3.36336
"AZE",2019,0,0,0
"AMR",2016,0.35728,0.25675,0.47152
"PNG",2007,38.65959,10.29678,84.1126
"ZAF",2003,2.92781,2.92781,2.92781
"KGZ",2014,0,0,0
"ERI",2021,6.29816,2.50733,11.671
"SOM",2001,35.96241,14.26321,66.88134
"ETH",2006,27.35322,6.76209,85.84456
"EGY",2012,0,0,0
"NIC",2016,0.03646,0.03646,0.03646
"GAB",2023,17.42603,14.93085,21.73224
"ARG",2016,0,0,0
"THA",2018,0.11075,0.11075,0.11075
"AFR",2002,131.8584,125.22687,134.94394
"EUR",2006,0,0,0
"BRA",2019,0.08786,0.08786,0.08786
"NGA",2021,87.29311,66.95378,117.92541
"UGA",2010,79.45466,75.19419,84.14125
"EGY",2017,0,0,0
"TJK",2002,0,0,0
"OMN",2011,0,0,0
"COD",2011,110.77454,92.11092,131.63579
"SLE",2020,118.69739,81.80667,165.43354
"CIV",2011,115.29023,106.94435,124.37125
"RWA",2000,75.20152,71.97529,78.62254
"THA",2019,0.09578,0.09578,0.09578
"PAK",2005,0.5351,0.1774,1.40647
"SOM",2023,14.22221,5.6321,28.19998
"DZA",2010,0.04704,0.04704,0.04704
"CPV",2015,0,0,0
"TKM",2002,0,0,0
"KEN",2000,38.39716,37.01674,39.91464
"TKM",2019,0,0,0
"UGA",2014,48.76422,45.72264,52.33615
"BTN",2000,3.39614,3.39614,3.39614
"SOM",2011,8.51903,3.56309,15.20792
"NPL",2019,0,0,0
"AFR",2001,140.55656,133.49144,144.45483
"SLB",2005,114.37557,43.70108,228.75636
"AGO",2013,42.87687,33.51726,56.03154
"ERI",2002,3.59385,3.59385,3.59385
"ZWE",2006,26.26058,4.77323,76.00065
"TJK",2014,0,0,0
"TKM",2018,0,0,0
"COD",2002,166.4021,151.96312,182.86157
"RWA",2016,25.61417,24.57383,26.88943
"SEN",2000,43.73883,42.44472,45.19344
"CMR",2022,46.24581,37.67981,58.57538
"DZA",2023,0,0,0
"BRA",2009,0.21799,0.21799,0.21799
"NER",2012,163.52737,149.84777,178.75435
"STP",2002,214.11277,214.11277,214.11277
"CRI",2014,0,0,0
"TLS",2015,0,0,0
"ECU",2023,0,0,0
"CIV",2005,146.91712,137.40468,157.3914
"TGO",2002,104.66865,98.73879,111.06035
"CMR",2011,58.66856,54.89242,62.77585
"COM",2000,16.60203,5.59619,33.20406
"ETH",2020,11.65413,4.233,22.91529
"KGZ",2006,0,0,0
"DJI",2023,9.25268,4.39502,13.99468
"SAU",2002,0,0,0
"GLOBAL",2011,18.11078,17.27365,19.31306
"AZE",2022,0,0,0
"MLI",2002,172.59044,163.11783,182.53506
"BLZ",2020,0,0,0
"NPL",2002,0.10876,0.05438,0.17673
"GNB",2012,52.13708,46.98998,58.55581
"COL",2022,0.13969,0.13969,0.13969
"SLE",2002,275.99683,259.44225,293.23531
"SDN",2010,7.63814,3.31497,13.11056
"HTI",2015,0.87219,0.34036,1.6061
"ZMB",2001,140.29773,133.11142,148.30727
"MWI",2010,75.39897,71.27779,80.0056
"SDN",2001,19.99525,8.04421,37.21056
"KEN",2018,21.48899,21.03084,22.02278
"LBR",2016,83.77478,74.98515,94.4569
"CMR",2007,93.49638,87.23028,100.36069
"AFR",2015,62.48022,58.61133,68.67911
"GIN",2001,143.6892,135.60953,152.41289
"GAB",2011,21.99795,20.14608,24.24264
"COL",2013,0.09787,0.09787,0.09787
"TUR",2000,0,0,0
"ZMB",2017,45.24887,42.41078,48.56857
"IRQ",2019,0,0,0
"DJI",2021,14.0335,6.7789,21.28811
"AFG",2015,0.66614,0.2833,1.20594
"LAO",2023,0,0,0
"BRA",2006,0.29031,0.29031,0.29031
"ECU",2015,0,0,0
"OMN",2020,0,0,0
"STP",2004,107.16211,107.16211,107.16211
"EGY",2003,0,0,0
"THA",2007,0.76178,0.76178,0.76178
"ECU",2003,0.60701,0.60701,0.60701
"NIC",2014,0,0,0
"BTN",2022,0,0,0
"GUY",2010,6.94022,3.20318,11.21112
"GEO",2006,0,0,0
"SEAR",2016,1.07683,0.56978,1.71491
"DOM",2000,0.12689,0.12689,0.12689
"VEN",2020,1.37814,0.71017,2.09534
"ARM",2011,0,0,0
"CPV",2018,0,0,0
"IRN",2011,0,0,0
"HND",2016,0,0,0
"IDN",2020,0.51489,0.25289,0.78708
"CAF",2012,135.31134,120.49844,152.29303
"YEM",2017,9.14142,3.81714,17.15155
"YEM",2003,21.4624,6.45175,109.10055
"IRQ",2011,0,0,0
"TUR",2018,0,0,0
"BOL",2011,0.0852,0.0213,0.14909
"AZE",2002,0,0,0
"HTI",2013,1.75192,0.67887,3.41623
"ECU",2013,0,0,0
"UGA",2004,130.47554,123.79148,137.50568
"SDN",2020,16.31786,5.64425,35.18545
"ZWE",2000,26.25979,4.997,74.70025
"COL",2016,0.34279,0.34279,0.34279
"VNM",2004,0.08614,0.04053,0.13005
"NAM",2017,2.86459,NA,NA
"GNQ",2001,65.34771,61.61355,70.81558
"EUR",2019,0,0,0
"COG",2011,40.89182,38.44048,43.36485
"KAZ",2014,0,0,0
"MDG",2023,51.20539,19.88384,95.79478
"TZA",2020,40.29338,37.93979,43.18483
"TCD",2004,90.18071,84.6973,96.22469
"COD",2012,88.06407,72.15108,106.25276
"SUR",2021,0,0,0
"GHA",2012,61.9916,59.48919,64.80447
"SAU",2015,0,0,0
"LKA",2018,0,0,0
"CAF",2013,89.97464,79.89369,101.7573
"CIV",2017,38.52114,35.26678,42.02248
"VNM",2010,0.05275,0.02482,0.08068
"SLE",2021,104.56351,74.41935,144.30666
"PNG",2010,30.83766,8.47512,67.29724
"GHA",2005,66.11747,63.8947,68.56742
"TLS",2013,0.27529,0.27529,0.27529
"BFA",2011,216.31976,194.73745,239.7206
"GAB",2005,17.49237,16.74075,18.51732
"KEN",2007,24.70794,24.08223,25.38098
"SYR",2014,0,0,0
"GLOBAL",2016,14.59045,13.70767,16.04958
"GEO",2018,0,0,0
"PAN",2000,0.04958,0.04958,0.04958
"PNG",2021,24.45846,10.34641,43.4642
"BEN",2004,139.47627,131.43616,148.14175
"DOM",2023,0,0,0
"DJI",2012,0.68967,0.27587,1.37934
"AGO",2006,95.69689,82.82647,111.35493
"VUT",2011,5.75012,2.46434,9.85736
"TLS",2008,27.90911,11.94634,50.15402
"GNB",2020,47.38595,37.9485,62.7839
"CAF",2023,98.05101,75.78914,127.22177
"AZE",2006,0,0,0
"AZE",2007,0,0,0
"IRQ",2012,0,0,0
"GNB",2005,59.85879,56.38451,63.98448
"BFA",2020,88.16646,59.9521,133.23451
"ECU",2008,0.06053,0.06053,0.06053
"COD",2007,182.64582,161.76154,205.3595
"ETH",2003,44.03639,12.66761,99.87704
"GLOBAL",2017,14.31412,13.43035,15.888
"COM",2016,0.40445,0.13482,0.67409
"COL",2007,0.71041,0.71041,0.71041
"MDG",2014,12.30802,5.07564,22.21752
"TJK",2005,0,0,0
"YEM",2023,9.75802,3.85735,19.05475
"GNQ",2011,49.44296,44.53088,55.48241
"SWZ",2016,0.93208,0.93208,0.93208
"ARG",2022,0,0,0
"MRT",2006,19.8098,19.14615,20.53981
"GUF",2006,4.28354,4.28354,4.28354
"UZB",2006,0,0,0
"NPL",2022,0,0,0
"TUR",2012,0,0,0
"CMR",2002,119.89423,112.25061,127.96407
"ZAF",2011,1.01896,NA,NA
"CPV",2020,0,0,0
"NIC",2023,0,0,0
"EUR",2011,0,0,0
"SAU",2008,0,0,0
"NAM",2021,0.62756,0.62756,0.62756
"IDN",2004,0.59975,0.31414,0.90424
"PAK",2014,0.34418,0.1391,0.71684
"NER",2017,149.18281,133.74109,167.37242
"PAN",2006,0.04422,0.04422,0.04422
"GTM",2007,0.02911,0.02911,0.02911
"BEN",2022,79.52324,59.83484,105.21476
"ERI",2001,5.7524,5.7524,5.7524
"LBR",2015,73.46391,66.96097,81.23309
"IND",2019,0.4169,0.2051,0.67024
"AGO",2005,107.13716,93.72687,123.18596
"LKA",2012,0,0,0
"COL",2011,0.22954,NA,NA
"UZB",2008,0,0,0
"GNB",2000,165.62191,152.74471,180.28087
"BOL",2023,0.12602,0.05401,0.23403
"SDN",2016,10.97191,4.16379,21.42062
"AGO",2002,125.18108,112.16709,140.99982
"SEAR",2022,0.3617,0.22559,0.53571
"TKM",2007,0,0,0
"IRQ",2006,0,0,0
"SYR",2016,0,0,0
"PRK",2012,0,0,0
"PHL",2000,1.15983,1.15983,1.15983
"LKA",2016,0,0,0
"PNG",2001,53.67958,14.6279,116.99661
"UZB",2020,0,0,0
"DJI",2007,0.7624,0.30496,1.37232
"MEX",2000,0,0,0
"COM",2019,5.72098,2.54266,8.77218
"TJK",2022,0,0,0
"MLI",2020,75.01208,58.39583,97.16409
"SSD",2016,68.24497,44.25628,104.60659
"MWI",2006,85.34931,81.49287,89.43305
"LBR",2017,90.39119,79.5228,104.31232
"KOR",2007,0.02965,0.02965,0.02965
"PRY",2019,0,0,0
"LBR",2014,72.19081,66.49442,78.91693
"PNG",2016,28.65522,11.88388,51.66476
"SOM",2017,13.97099,5.18884,27.8223
"OMN",2019,0,0,0
"BDI",2023,46.03545,37.2694,60.96666
"EMR",2010,1.93806,1.23731,3.02294
"CIV",2015,38.2907,35.4586,41.41194
"TKM",2013,0,0,0
"RWA",2022,24.25458,22.621,27.30197
"PNG",2018,27.36704,11.38963,50.04038
"RWA",2004,41.84037,40.42263,43.33751
"SOM",2009,9.56426,4.10494,16.82941
"GUY",2021,3.31093,1.59415,5.15033
"IRN",2022,0,0,0
"EMR",2011,1.7201,1.12694,2.52914
"TCD",2019,80.5574,65.66255,99.4333
"LKA",2014,0,0,0
"STP",2013,5.69514,NA,NA
"SDN",2008,9.0263,3.83647,15.81624
"BWA",2006,3.21863,3.21863,3.21863
"SLE",2012,194.86863,180.56565,210.22526
"BTN",2002,2.38063,2.38063,2.38063
"ARE",2022,0,0,0
"NGA",2008,140.17575,130.56376,150.17166
"EGY",2020,0,0,0
"NPL",2001,0.04141,0,0.05521
"GNQ",2004,61.11682,57.00532,66.11728
"ARE",2018,0,0,0
"BWA",2021,0.31405,0.31405,0.31405
"SYR",2008,0,0,0
"VEN",2001,0.22418,0.22418,0.22418
"SOM",2015,14.18849,5.67829,26.49388
"MYS",2009,2.04446,2.04446,2.04446
"SEN",2017,13.32472,5.43457,24.03231
"BTN",2015,0,0,0
"PNG",2000,56.74488,15.17005,125.05456
"YEM",2012,12.00478,4.98879,23.3212
"LKA",2005,0,0,0
"MOZ",2002,214.21709,199.24742,230.77972
"IND",2006,2.53865,1.20123,4.3671
"KEN",2017,21.67578,21.21031,22.19816
"ZMB",2005,64.12762,61.39697,66.93507
"ZWE",2019,16.65684,6.17875,32.21681
"SLE",2017,121.4343,108.574,136.01563
"CPV",2012,0,0,0
"DJI",2019,11.88079,5.75667,17.75994
"PER",2018,0.38314,0.19157,0.59865
"TLS",2007,23.91264,10.68662,40.95039
"ZAF",2013,1.92031,NA,NA
"MAR",2010,0,0,0
"BLZ",2022,0,0,0
"CPV",2003,3.24995,3.24995,3.24995
"EUR",2005,0,0,0
"GUF",2022,0,0,0
"EGY",2023,0,0,0
"IRN",2002,0.28802,0.28802,0.28802
"GNQ",2007,56.75435,52.31438,61.86996
"ZAF",2009,0.86993,0.86993,0.86993
"SDN",2002,15.40608,6.04534,29.69005
"BLZ",2009,0,0,0
"LAO",2022,0.07627,0,0.1017
"LKA",2010,0,0,0
"SWZ",2014,1.25722,NA,NA
"SEAR",2001,2.60851,1.4832,3.94355
"CIV",2023,34.56048,29.52609,40.79812
"MYS",2000,3.80968,3.80968,3.80968
"SEN",2005,31.08904,30.38591,31.82777
"MDG",2016,15.66286,6.52875,27.63999
"NER",2003,142.55703,133.71901,151.88735
"NPL",2000,0.04208,0.01403,0.08417
"MWI",2013,51.80111,49.15908,54.72776
"UZB",2019,0,0,0
"ARE",2015,0,0,0
"NAM",2003,72.66821,72.66821,72.66821
"PER",2009,0.27314,0.13216,0.43174
"ZAF",2004,1.79623,1.79623,1.79623
"NPL",2003,0.08042,0.02681,0.10723
"BFA",2003,318.02712,296.62435,340.75992
"UGA",2023,32.77048,28.26132,39.59591
"SLB",2017,20.18226,9.72284,34.91384
"LKA",2011,0,0,0
"COG",2007,48.23599,45.82419,50.89902
"IRN",2020,0,0,0
"UGA",2007,88.83964,84.35103,93.60806
"ZAF",2008,0.84125,0.84125,0.84125
"MRT",2000,26.51676,25.44538,27.77947
"MLI",2023,59.75398,47.06525,76.94866
"GUY",2003,6.94535,3.40715,11.13876
"SWZ",2000,28.46414,28.46414,28.46414
"TKM",2011,0,0,0
"COL",2003,1.30198,1.30198,1.30198
"SLV",2022,0,0,0
"PAK",2004,0.38184,0.15796,0.8688
"STP",2006,15.69688,15.69688,15.69688
"EGY",2009,0,0,0
"AMR",2011,0.33534,0.23013,0.48949
"IRN",2019,0,0,0
"SEAR",2002,2.45556,1.40037,3.74967
"MDG",2020,35.50859,14.5401,65.06308
"GMB",2001,31.37101,30.30078,32.57501
"PRY",2015,0,0,0
"BDI",2015,49.2144,43.72903,56.50106
"SDN",2009,8.08525,3.54652,13.9258
"BFA",2021,76.07554,56.18942,106.70512
"UGA",2008,88.18073,83.56368,93.03673
"YEM",2010,16.64324,6.24267,38.26333
"CPV",2019,0,0,0
"PRK",2009,0,0,0
"ZMB",2011,46.17049,44.62593,47.96439
"BWA",2014,1.52776,NA,NA
"ARG",2011,0,0,0
"ZMB",2015,48.87467,46.38063,51.58214
"NAM",2014,3.32378,NA,NA
"VNM",2011,0.04601,0.02147,0.06748
"SLV",2018,0,0,0
"KEN",2013,22.88894,22.36434,23.45355
"GEO",2003,0,0,0
"PRK",2020,0,0,0
"BRA",2017,0.08182,0.08182,0.08182
"AFR",2019,55.56302,51.41777,63.85148
"ERI",2003,4.49095,1.40342,9.66357
"PAK",2015,0.35811,0.14231,0.83889
"CMR",2013,57.10581,53.27901,61.31107
"SEN",2010,15.45656,6.3235,27.89007
"BEN",2019,84.32629,74.14302,95.83747
"NIC",2004,0.02155,0.02155,0.02155
"BDI",2000,182.42114,168.31028,197.86118
"GMB",2005,28.19374,27.29394,29.21351
"TCD",2023,71.73615,54.5492,99.08677
"MEX",2021,0,0,0
"TGO",2017,47.883,42.98052,53.44329
"SAU",2020,0,0,0
"GLOBAL",2008,20.76136,19.64311,21.68171
"TKM",2000,0,0,0
"PRY",2003,0,0,0
"ERI",2013,2.86238,1.17098,5.23686
"GHA",2013,57.02874,54.77213,59.70162
"CPV",2022,0,0,0
"KHM",2013,2.1405,1.09342,3.31731
"YEM",2014,7.76155,3.27424,14.48994
"NGA",2016,87.91637,75.66422,103.80589
"TUR",2010,0,0,0
"UGA",2021,37.98224,30.3718,50.3171
"COL",2012,0.23713,0.23713,0.23713
"GUF",2003,4.88248,4.88248,4.88248
"BDI",2009,52.24838,48.9626,55.92533
"CMR",2003,123.48131,115.51737,132.00836
"TUR",2016,0,0,0
"GHA",2009,66.30424,63.8588,69.03926
"NER",2000,201.60509,188.98957,215.13311
"NIC",2011,0.01953,0.01953,0.01953
"IND",2017,0.87252,0.41804,1.44869
"HTI",2014,0.90638,0.35608,1.67248
"NGA",2015,88.66121,77.62234,102.50178
"STP",2021,0.45053,0.45053,0.45053
"LKA",2021,0,0,0
"BDI",2020,57.7711,43.10818,83.00682
"AMR",2014,0.24206,0.18105,0.3156
"PAN",2020,0,0,0
"SYR",2021,0,0,0
"LBR",2020,89.87345,65.3272,127.79973
"GNQ",2018,46.5225,39.46989,57.53448
"SSD",2014,62.16249,43.93363,87.21862
"EGY",2001,0,0,0
"TLS",2016,0,0,0
"STP",2023,0,0,0
"PHL",2007,0.41242,0.17026,0.73781
"TLS",2005,34.08473,14.46359,60.09676
"AFR",2000,142.63592,135.96136,145.52552
"ZWE",2021,7.04228,2.62056,13.43339
"GAB",2004,17.79675,17.02298,18.85189
"STP",2017,0.48316,0.48316,0.48316
"BOL",2000,0.61469,0.28173,1.05009
"GHA",2015,46.20842,44.3789,48.36551
"IRQ",2015,0,0,0
"VEN",2016,1.69669,0.8776,2.57429
"GAB",2019,18.52093,16.13967,22.31331
"ARG",2001,0,0,0
"PAN",2003,0.18716,0.18716,0.18716
"NGA",2022,84.1099,62.99021,116.97429
"THA",2014,0.28519,0.28519,0.28519
"OMN",2008,0,0,0
"CMR",2021,48.15395,39.80196,59.68251
"DJI",2004,0.64565,0.16141,1.45272
"BWA",2009,0.45462,0.45462,0.45462
"EUR",2017,0,0,0
"SDN",2011,7.59806,3.28991,13.0684
"TZA",2015,44.68199,43.11339,46.51586
"VUT",2017,0,0,0
"NIC",2006,0.02097,0.02097,0.02097
"SLV",2013,0,0,0
"WPR",2007,0.55321,0.2599,1.0196
"COM",2011,9.28066,4.34095,14.37005
"TLS",2003,14.49559,6.95789,23.54084
"UZB",2012,0,0,0
"SLV",2005,0,0,0
"SLE",2014,154.65975,141.67328,168.64966
"BEN",2005,158.92206,149.47497,169.11682
"MWI",2023,34.94992,30.10735,43.56894
"DOM",2012,0.14422,0.14422,0.14422
"KAZ",2017,0,0,0
"MAR",2017,0,0,0
"GNB",2015,46.90852,41.42279,53.84963
"AFG",2016,1.31011,0.56361,2.27693
"UZB",2017,0,0,0
"BWA",2001,2.55464,2.55464,2.55464
"PAN",2018,0,0,0
"CIV",2009,151.6142,140.90411,163.01527
"NER",2014,159.75305,145.21821,176.50479
"IRN",2017,0,0,0
"MEX",2008,0,0,0
"TCD",2015,89.03014,78.31035,100.70956
"HTI",2023,0.57708,0.23083,1.06761
"CHN",2022,0,0,0
"RWA",2002,64.10577,61.30821,67.03428
"DOM",2008,0.20861,0.20861,0.20861
"MRT",2011,18.89911,18.29959,19.52717
"ETH",2007,22.00488,5.29458,72.1381
"KOR",2006,0,0,0
"SUR",2014,1.17672,NA,NA
"BLZ",2003,0,0,0
"THA",2022,0,0,0
"BDI",2010,50.13628,46.91544,53.83704
"SSD",2006,101.12172,86.72949,117.74549
"SUR",2007,1.27501,1.27501,1.27501
"IND",2023,0.25757,0.12257,0.43357
"GMB",2021,24.02942,22.67073,25.81513
"AGO",2010,52.30776,42.80768,64.54663
"MOZ",2012,95.74389,85.2746,108.11146
"SSD",2017,76.25386,46.41709,123.93859
"MLI",2014,121.45215,110.83077,133.3389
"ETH",2014,32.80171,6.6143,79.74615
"NIC",2005,0.12763,0.12763,0.12763
"MLI",2005,154.7939,145.77509,164.27048
"SYR",2018,0,0,0
"VUT",2005,16.60657,7.1171,30.36629
"LAO",2013,3.63357,1.59877,6.33695
"DOM",2007,0.3264,0.3264,0.3264
"LKA",2022,0,0,0
"EUR",2008,0,0,0
"EUR",2007,0,0,0
"BLZ",2006,0.50343,0.50343,0.50343
"MAR",2014,0,0,0
"ZMB",2000,146.21221,138.55571,154.7272
"PAN",2007,0.04342,0.04342,0.04342
"ERI",2009,1.41972,0.55404,2.5278
"SAU",2019,0,0,0
"SSD",2015,66.51325,44.89735,97.64542
"DZA",2001,0.05434,0.05434,0.05434
"ZAF",2015,1.93923,NA,NA
"ARM",2014,0,0,0
"CPV",2016,0.75039,0.75039,0.75039
"DZA",2020,0,0,0
"CRI",2003,0,0,0
"GNQ",2023,40.9732,34.80287,52.71985
"GUF",2015,0,0,0
"IRN",2012,0,0,0
"ARM",2002,0,0,0
"EMR",2008,1.69354,1.06029,2.50303
"COD",2014,76.72642,60.61592,96.48326
"BWA",2000,3.2372,3.2372,3.2372
"EGY",2005,0,0,0
"SOM",2014,12.04694,5.10514,22.02502
"CPV",2004,3.20935,3.20935,3.20935
"VEN",2012,0.37897,0.19625,0.58199
"IRN",2013,0,0,0
"ARE",2016,0,0,0
"MOZ",2010,103.69475,94.98142,113.50812
"SUR",2009,0,0,0
"VNM",2002,0.16881,0.08096,0.25493
"PAN",2011,0,0,0
"WPR",2002,0.68512,0.36576,1.17267
"AFR",2004,119.03513,112.20211,125.09959
"SLB",2016,15.70711,7.9298,24.39939
"BOL",2020,0.11193,0.03731,0.2052
"ARM",2018,0,0,0
"ZWE",2010,26.71787,9.52692,53.57883
"GUY",2001,6.80204,3.27021,11.11871
"UGA",2006,95.71437,90.88351,100.76404
"NIC",2000,0.0905,0.0905,0.0905
"VNM",2023,0,0,0
"BTN",2012,0.1884,0.1884,0.1884
"IRQ",2020,0,0,0
"NGA",2006,159.71442,149.50361,170.30969
"LBR",2011,71.75722,67.13766,76.99273
"WPR",2022,0.47292,0.21689,0.82371
"NPL",2016,0.03695,0.03695,0.03695
"PAK",2009,0.5233,0.17688,1.31717
"YEM",2013,9.46626,3.96446,17.75587
"CMR",2009,69.47797,64.96818,74.37504
"BDI",2008,58.02035,54.31692,62.19405
"GUF",2010,0.77054,0.77054,0.77054
"SUR",2005,1.30375,1.30375,1.30375
"GTM",2015,0.00829,0.00829,0.00829
"COG",2019,39.7033,34.50449,48.48076
"HTI",2004,2.47469,0.92958,4.99962
"AMR",2001,0.67296,0.56036,0.84557
"GMB",2015,29.84902,28.3206,31.64715
"NAM",2022,1.22075,NA,NA
"IRQ",2007,0,0,0
"TGO",2006,107.37575,100.70428,114.54634
"CHN",2010,0.00336,0.00336,0.00336
"PNG",2023,29.64493,12.51223,52.5916
"AGO",2014,42.76388,32.81571,57.1082
"PRK",2011,0,0,0
"ECU",2018,0,0,0
"BTN",2017,0,0,0
"SLV",2020,0,0,0
"TGO",2010,60.05118,56.35276,64.18072
"SAU",2018,0,0,0
"PRK",2013,0,0,0
"EUR",2018,0,0,0
"RWA",2012,27.28557,26.4176,28.26457
"TKM",2017,0,0,0
"GMB",2007,27.80652,26.9004,28.88253
"LKA",2020,0,0,0
"UGA",2018,36.69841,33.25327,41.16602
"GNB",2001,124.31884,115.12179,134.78446
"HTI",2012,1.85627,0.7225,3.65696
"NPL",2013,0,0,0.01248
"ETH",2013,39.1644,14.03926,74.38606
"AMR",2005,0.51812,0.40527,0.69125
"MOZ",2003,190.93489,177.42436,205.96146
"RWA",2017,25.46291,24.28279,27.061
"TZA",2022,39.40393,36.73208,42.80516
"SSD",2022,60.79206,33.39004,121.62108
"TLS",2021,0,0,0
"ARG",2010,0,0,0
"COG",2018,40.725,35.43604,49.24206
"CMR",2015,53.65627,49.76846,57.77264
"BFA",2009,242.9398,222.22632,264.91329
"PRY",2022,0,0,0
"SOM",2020,14.26324,5.8194,26.55681
"GLOBAL",2012,16.59311,15.809,17.69444
"UGA",2012,65.44752,61.66156,69.6208
"PRY",2010,0,0,0
"RWA",2007,32.00022,31.08922,32.995
"SAU",2013,0,0,0
"IRQ",2009,0,0,0
"KGZ",2003,0,0,0
"WPR",2019,0.3724,0.17984,0.62873
"TJK",2001,0,0,0
"GNQ",2021,45.20163,37.52588,59.9277
"KOR",2014,0,0,0
"UZB",2003,0,0,0
"HTI",2005,2.48285,0.91409,4.95336
"PRK",2008,0,0,0
"GUY",2002,5.49989,2.61899,9.03553
"PAK",2013,0.56142,0.22409,1.25636
"SSD",2007,90.29911,76.45921,106.52315
"DZA",2005,0,0,0
"ECU",2014,0,0,0
"SAU",2022,0,0,0
"GTM",2003,0,0,0
"GIN",2013,118.55031,109.43655,128.56651
"BTN",2006,1.41018,1.41018,1.41018
"VUT",2010,11.33278,5.03679,20.14716
"COD",2010,124.1529,105.497,145.39208
"DOM",2006,0.19435,0.19435,0.19435
"CPV",2021,0,0,0
"GTM",2022,0,0,0
"COL",2020,0.04461,0.04461,0.04461
"PHL",2015,0.10307,0.04254,0.18324
"AZE",2003,0,0,0
"GUY",2004,6.68924,3.27904,10.88642
"ZMB",2016,46.88307,44.30538,49.79774
"COM",2004,15.32622,5.33835,30.65245
"VEN",2010,0.36789,0.18047,0.58307
"TGO",2004,118.10744,111.06804,125.7437
"OMN",2022,0,0,0
"LKA",2007,0.02122,0.02122,0.02122
"TUR",2003,0,0,0
"SLV",2016,0,0,0
"KOR",2001,0,0,0
"YEM",2008,8.42043,2.98829,22.44686
"SLE",2011,219.29622,203.67134,235.57866
"OMN",2023,0,0,0
"COM",2010,14.04932,6.56653,21.53211
"KGZ",2018,0,0,0
"LKA",2003,0.08717,0.08717,0.08717
"GNB",2013,50.64939,45.28374,57.31223
"EMR",2014,1.56231,0.99756,2.24989
"BTN",2004,1.45409,1.45409,1.45409
"YEM",2000,20.84572,6.27826,100.23203
"KGZ",2017,0,0,0
"SAU",2021,0,0,0
"COL",2009,0.28568,0.28568,0.28568
"AFR",2011,78.58167,75.0785,83.45516
"PER",2011,0.16508,0.0782,0.25197
"COG",2022,37.0499,32.36067,46.64377
"PRY",2007,0,0,0
"PAK",2016,0.38998,0.18389,0.76242
"NAM",2009,4.12388,4.12388,4.12388
"HND",2008,0.02756,0.02756,0.02756
"BFA",2017,86.12471,69.6829,107.49252
"GNB",2019,42.99445,37.20087,51.32907
"ECU",2009,0.07141,0.07141,0.07141
"COL",2010,0.42368,0.42368,0.42368
"LAO",2009,3.69486,1.47795,6.74313
"TLS",2010,19.01679,8.3321,32.64223
"COD",2015,74.58827,57.50801,95.83494
"KGZ",2007,0,0,0
"MLI",2019,66.36478,57.47457,77.82281
"MMR",2022,0.99284,0.42703,4.45442
"KAZ",2016,0,0,0
"GEO",2019,0,0,0
"MLI",2011,134.48865,124.95546,144.88998
"BEN",2021,82.86479,64.05508,106.39347
"LBR",2005,120.23578,112.99558,128.14244
"SUR",2004,9.22193,9.22193,9.22193
"AFG",2018,1.02931,0.44415,1.74137
"SAU",2004,0,0,0
"ZMB",2023,41.13595,36.56624,48.63464
"TZA",2010,47.85238,46.29731,49.52804
"MAR",2016,0,0,0
"SSD",2009,75.9448,61.54558,92.94069
"GNB",2009,56.21154,52.0186,61.32168
"EMR",2009,1.60843,1.00899,2.51251
"SOM",2019,14.52813,6.03831,26.86066
"MLI",2012,137.86611,127.4573,149.27141
"BDI",2002,158.30585,145.87899,172.1098
"IND",2009,2.80178,1.27537,4.88321
"TZA",2003,89.30816,85.53082,93.21769
"BRA",2005,0.32807,0.32807,0.32807
"SWZ",2020,0.59887,0.59887,0.59887
"KGZ",2009,0,0,0
"DOM",2013,0.08905,0.08905,0.08905
"DOM",2005,0.31488,0.31488,0.31488
"MWI",2021,37.19212,31.51541,46.88434
"GIN",2021,75.71562,65.34384,89.52254
"PNG",2002,44.48006,11.07317,96.4407
"SSD",2023,58.09268,31.66273,119.51191
"DJI",2003,0.65566,0.16391,1.31132
"MEX",2007,0,0,0
"COD",2022,68.38484,43.31068,111.64806
"MYS",2001,4.8881,4.8881,4.8881
"VEN",2023,0.8339,0.43108,1.26516
"ARG",2014,0,0,0
"TLS",2020,0,0,0
"GAB",2016,18.90201,16.9023,21.71112
"YEM",2021,11.09393,4.39647,21.69895
"THA",2006,0.89456,0.89456,0.89456
"IND",2002,2.65884,1.28284,4.33363
"NIC",2020,0,0,0
"HND",2009,0.01348,0.01348,0.01348
"MOZ",2006,131.38927,121.54662,142.11227
"CRI",2010,0,0,0
"EUR",2015,0,0,0
"TUR",2011,0,0,0
"YEM",2015,6.63162,2.80709,12.47081
"SOM",2013,10.40437,4.31249,18.5169
"MLI",2010,124.83382,116.46139,133.8773
"GEO",2020,0,0,0
"AMR",2020,0.27569,0.19332,0.36803
"GIN",2012,132.56324,122.65602,143.17548
"STP",2000,176.36684,176.36684,176.36684
"CMR",2004,124.897,116.55287,133.72877
"SUR",2000,34.09091,34.09091,34.09091
"BFA",2006,228.25705,211.78235,245.97708
"AFR",2021,55.95554,51.89061,66.94306
"PNG",2009,45.60897,13.60978,96.48396
"UGA",2015,41.99678,39.19647,45.33265
"AFG",2009,0.65548,0.24993,1.31567
"KHM",2003,11.4387,5.22389,19.18299
"YEM",2011,11.34989,4.53996,23.05479
"BDI",2007,68.10936,63.42906,73.30424
"RWA",2008,30.67032,29.81355,31.57808
"AMR",2003,0.57394,0.4628,0.74991
"IND",2000,2.99578,1.43495,4.92359
"GMB",2014,28.59746,27.25767,30.12204
"DOM",2019,0.06666,NA,NA
"VNM",2017,0.00998,0.00428,0.01568
"MMR",2006,4.90239,2.07763,9.3869
"COL",2008,0.5574,0.5574,0.5574
"ARM",2010,0,0,0
"BEN",2016,96.1203,87.52897,105.73746
"LBR",2021,74.19206,57.15517,101.26779
"THA",2020,0.02207,0.02207,0.02207
"RWA",2011,28.15467,27.31297,29.10041
"AZE",2000,0,0,0
"BRA",2018,0.13384,0.13384,0.13384
"ETH",2008,18.61966,5.3686,54.0935
"CMR",2016,51.67527,47.71851,55.91758
"GUF",2013,2.14113,NA,NA
"SLB",2006,112.80582,43.14977,225.62192
"PAK",2019,0.23975,0.1234,0.39224
"GLOBAL",2004,25.06917,23.74512,26.61143
"IRQ",2017,0,0,0
"PER",2005,0.72483,0.37148,1.12349
"DJI",2001,0.69154,0.17288,1.38307
"DZA",2022,0,0,0
"WPR",2001,0.82194,0.45591,1.36731
"GNB",2017,45.54969,39.52967,53.38104
"LAO",2019,0.29209,0.13277,0.50451
"DJI",2010,0.28669,0.14335,0.43004
"KAZ",2011,0,0,0
"KHM",2000,17.8444,7.27509,32.9377
"SEAR",2019,0.4162,0.24154,0.6155
"HND",2013,0.01242,0.01242,0.01242
"BTN",2014,0,0,0
"KHM",2021,0.08281,0.03313,0.12422
"DJI",2006,4.51887,4.51887,4.51887
"LKA",2004,0.02164,0.02164,0.02164
"NAM",2001,117.22956,117.22956,117.22956
"GHA",2003,78.59432,75.80504,81.65113
"MRT",2019,10.54232,2.84262,24.93504
"VNM",2018,0.00141,0.00141,0.00141
"MMR",2019,0.2115,0.10466,0.34014
"KGZ",2020,0,0,0
"MEX",2006,0,0,0
"UZB",2004,0,0,0
"GHA",2019,35.56102,34.00627,37.50287
"AMR",2012,0.30669,0.2201,0.43153
"SSD",2012,61.74091,46.71707,80.97648
"BEN",2023,70.35629,55.55227,89.75972
"ARG",2005,0,0,0
"PAK",2018,0.22905,0.1143,0.38414
"IRN",2010,0,0,0
"BTN",2003,2.96692,2.96692,2.96692
"BWA",2013,0.49323,0.49323,0.49323
"AZE",2001,0,0,0
"AFG",2008,0.96837,0.35214,2.02001
"COG",2016,39.65506,35.30852,45.87809
"SUR",2006,1.28962,1.28962,1.28962
"MWI",2005,91.44838,87.02471,96.07453
"MDG",2005,8.54919,0.3236,22.59494
"UGA",2011,70.5661,66.68649,74.86836
"WPR",2010,0.48998,0.24277,0.88559
"CMR",2012,58.00708,54.18671,62.14941
"STP",2018,0,0,0
"DJI",2013,2.30184,NA,NA
"NIC",2012,0.03851,NA,NA
"MDG",2011,9.16209,3.50534,17.51368
"NER",2018,148.43112,131.52542,168.32053
"UZB",2014,0,0,0
"MWI",2015,42.96604,40.07471,46.11489
"ECU",2011,0,0,0
"MMR",2013,2.66948,1.21714,4.74986
"IND",2003,2.66516,1.30094,4.33646
"KOR",2011,0.05816,0.05816,0.05816
"MRT",2004,21.61286,20.88081,22.44948
"GNB",2003,73.09642,68.3952,78.32843
"SEN",2023,16.98237,6.46644,34.38515
"TLS",2018,0,0,0
"BGD",2007,1.64902,0.6709,3.04097
"VUT",2021,0,0,0
"AGO",2008,69.69387,58.59946,83.40186
"PHL",2005,0.32692,0.1429,0.57945
"PHL",2008,0.26765,0.10966,0.48698
"SWZ",2004,9.3183,9.3183,9.3183
"OMN",2010,0,0,0
"EGY",2010,0,0,0
"COL",2000,1.43284,1.43284,1.43284
"TJK",2008,0,0,0
"DJI",2000,0.71374,0.17844,1.42748
"THA",2021,0,0,0
"MWI",2002,139.03525,132.36883,145.87002
"SLB",2023,30.93415,15.78273,48.10576
"BTN",2021,0,0,0
"MEX",2003,0,0,0
"BFA",2018,81.23968,64.41831,104.1917
"MAR",2005,0,0,0
"KEN",2003,37.65576,36.25615,39.14154
"DOM",2003,0.24259,0.24259,0.24259
"BLZ",2019,0,0,0
"MOZ",2017,70.3569,56.33629,91.78314
"KEN",2004,32.50613,31.41721,33.68723
"SLE",2003,247.65885,232.67098,263.07114
"NER",2007,126.48943,117.93053,135.63601
"THA",2015,0.24653,0.24653,0.24653
"SEN",2009,8.41345,3.4205,15.16549
"PRK",2019,0,0,0
"COL",2018,0.08292,0.08292,0.08292
"GHA",2004,71.40473,68.9034,74.12557
"BOL",2010,0.21648,0.08659,0.34636
"GIN",2023,70.72314,58.44309,87.31424
"BLZ",2012,0,0,0
"GHA",2017,38.39597,36.8764,40.24546
"EGY",2019,0,0,0
"CRI",2013,0,0,0
"SEN",2001,34.87732,34.02546,35.79772
"BOL",2005,0.28257,0.11774,0.4945
"AMR",2010,0.36182,0.25438,0.52873
"VEN",2015,0.98123,0.5037,1.49146
"LAO",2017,0.57506,0.24645,1.0132
"ZAF",2019,1.32577,NA,NA
"CIV",2016,37.57685,34.63335,40.77431
"GNB",2010,55.79865,51.13813,61.41683
"SSD",2011,66.45536,51.38942,85.19544
"PNG",2013,41.57685,15.46485,81.15526
"KOR",2022,0,0,0
"GUY",2020,3.09605,1.4861,4.82984
"AMR",2004,0.54719,0.43516,0.71649
"LBR",2006,95.62316,89.92244,101.83953
"BRA",2004,0.27506,0.27506,0.27506
"MYS",2002,3.9415,3.9415,3.9415
"GUY",2016,3.27419,1.44064,5.6316
"WPR",2003,0.74558,0.40442,1.26815
"NER",2020,150.49575,124.99572,181.75944
"DOM",2004,0.31903,0.31903,0.31903
"ZAF",2000,8.99073,8.99073,8.99073
"GNQ",2006,60.18117,55.73826,65.53285
"ERI",2015,4.12166,1.64222,7.59931
"BRA",2003,0.28364,0.28364,0.28364
"GNQ",2009,49.13386,45.17145,53.88875
"MYS",2020,0,0,0
"ETH",2005,31.16727,8.4312,98.22264
"GEO",2001,0,0,0
"LBR",2019,87.37598,74.13179,105.95354
"NIC",2002,0.17653,0.17653,0.17653
"ARM",2013,0,0,0
"PAN",2015,0,0,0
"MWI",2014,46.54804,43.949,49.42984
"SLV",2011,0,0,0
"MDG",2019,17.73239,7.26801,31.85088
"NAM",2011,2.11312,NA,NA
"BGD",2018,0.14754,0.06809,0.23833
"TUR",2005,0,0,0
"BOL",2019,0.07554,0.01889,0.15109
"NAM",2013,1.17454,NA,NA
"MMR",2003,6.96037,3.10874,12.97895
"GMB",2011,33.52181,31.85832,35.38693
"GMB",2022,23.74387,22.30255,25.67827
"BTN",2007,0.39825,0.39825,0.39825
"TUR",2009,0,0,0
"DJI",2017,3.28679,1.51698,4.80377
"BWA",2008,0.92822,0.92822,0.92822
"VEN",2006,0.24243,0.11754,0.37466
"COM",2017,1.18942,0.52863,1.98237
"BOL",2003,0.29225,0.12177,0.51144
"PNG",2005,42.77908,10.80072,93.94453
"NGA",2003,149.97743,141.18387,159.18139
"COG",2008,43.78249,41.74044,46.04332
"MRT",2007,19.65692,18.97798,20.40052
"DZA",2011,0,0,0
"AGO",2015,42.9366,32.39245,58.5487
"LBR",2004,120.02315,113.05427,127.68892
"UGA",2013,53.168,50.10316,56.63745
"SSD",2020,66.70115,37.26679,124.03716
"BOL",2018,0.03831,0,0.07661
"IRN",2021,0,0,0
"AFG",2019,0.58164,0.22923,1.023
"AFG",2004,1.92406,0.81896,3.61174
"BGD",2013,0.45644,0.20747,0.72927
"BFA",2012,182.61982,162.17409,204.99337
"GEO",2008,0,0,0
"PAN",2004,0.09182,0.09182,0.09182
"SLV",2010,0,0,0
"DZA",2015,0,0,0
"AGO",2009,58.67559,48.78479,71.31011
"LBR",2007,86.04409,80.92015,91.57686
"PRK",2002,0,0,0
"MOZ",2016,76.68332,62.57429,97.52679
"GLOBAL",2007,22.22879,21.04442,23.24537
"LBR",2018,90.64203,78.06297,107.06357
"MAR",2018,0,0,0
"IDN",2017,0.4885,0.24276,0.74847
"EMR",2002,3.65763,2.31727,7.27769
"CIV",2003,180.91513,169.45389,193.41151
"GUY",2006,5.27033,2.50341,8.16901
"KGZ",2000,0,0,0
"HND",2004,0,0,0
"PNG",2019,26.37108,11.04146,46.85212
"TJK",2021,0,0,0
"PAN",2002,0.09539,0.09539,0.09539
"BOL",2004,0.21553,0.07184,0.35922
"GMB",2023,23.4261,21.94344,25.50184
"CHN",2007,0.00325,0.00325,0.00325
"BGD",2001,3.18782,3.18782,3.18782
"COM",2006,14.71675,5.12606,29.4335
"LBR",2010,67.75251,63.66211,72.38432
"ZMB",2022,43.8348,37.53299,54.21058
"KEN",2014,22.56824,22.05143,23.12631
"DJI",2016,3.85527,1.79913,5.91141
"AFR",2016,60.37954,56.67875,66.67434
"IND",2005,3.01984,1.45383,5.10266
"CHN",2019,0,0,0
"SLE",2005,203.06406,190.46799,215.98777
"ARE",2019,0,0,0
"GNB",2006,57.01963,53.55747,60.90573
"IDN",2010,1.30285,0.66137,2.00117
"EMR",2015,1.67407,1.04873,2.49906
"MYS",2017,0.07727,0.07727,0.07727
"SLE",2007,206.52762,193.29135,220.2683
"BWA",2018,0.59044,0.59044,0.59044
"BDI",2003,132.1993,121.80622,143.81341
"WPR",2011,0.41802,0.20217,0.74551
"SSD",2000,192.13341,167.1341,219.55262
"SEAR",2005,2.72369,1.50104,4.28498
"GTM",2012,0,0,0
"MAR",2008,0,0,0
"ARG",2015,0,0,0
"MOZ",2023,53.14379,36.88692,81.18893
"IDN",2018,0.42304,0.21189,0.64531
"SLE",2022,98.99954,69.33834,140.19931
"EUR",2012,0,0,0
"ERI",2007,2.18721,0.91134,4.04634
"SLE",2019,103.16877,89.66643,118.57231
"TCD",2005,103.1033,96.5639,110.32797
"SEAR",2013,1.30482,0.73038,2.07464
"NGA",2000,178.99156,168.9624,189.47009
"HTI",2011,2.34811,0.89183,4.62849
"KHM",2006,9.24494,4.22567,15.65559
"EGY",2011,0,0,0
"HTI",2022,0.65191,0.25298,1.20651
"BGD",2015,0.61129,0.28527,0.96642
"MMR",2017,0.46225,0.21896,0.75641
"TLS",2000,30.11008,7.98773,82.76705
"TGO",2007,93.563,87.72945,99.84901
"ERI",2016,6.33661,2.30422,12.70523
"EMR",2018,2.17305,1.23614,3.66368
"ZWE",2020,24.13651,8.9968,46.26117
"KOR",2004,0,0,0
"ZAF",2001,1.70287,1.70287,1.70287
"ARE",2013,0,0,0
"NER",2013,169.86595,155.15744,186.77222
"ARE",2012,0,0,0
"MLI",2003,165.36125,156.01947,174.96317
"SEN",2018,16.85256,6.95592,30.42556
"KHM",2004,9.48832,4.36208,15.53792
"NGA",2004,160.45211,150.73616,170.58937
"HND",2006,0,0,0
"GMB",2017,25.36089,24.20812,26.64174
"ETH",2018,8.48435,3.03867,16.81103
"CAF",2005,164.38126,149.73851,180.16653
"GEO",2017,0,0,0
"UGA",2020,41.64459,31.99929,56.84142
"MOZ",2021,66.86367,42.29559,111.16839
"NAM",2010,3.76195,NA,NA
"ARM",2004,0,0,0
"STP",2008,9.20635,9.20635,9.20635
"DJI",2018,5.34942,2.61251,8.08634
"AFR",2006,108.3058,102.01731,112.28643
"ARM",2019,0,0,0
"BLZ",2013,0,0,0
"SAU",2023,0,0,0
"ETH",2019,7.25273,2.61107,14.17522
"GUF",2004,0.93335,0.93335,0.93335
"MRT",2017,18.61968,4.93991,45.12481
"BOL",2008,0.13426,0.04475,0.24614
"GEO",2009,0,0,0
"TJK",2007,0,0,0
"NIC",2019,0.01753,0.01753,0.01753
"GNQ",2000,68.96267,64.98132,74.65032
"COD",2021,70.90344,45.94192,112.25948
"MAR",2009,0,0,0
"PHL",2016,0.06134,0.02583,0.11138
"SLB",2002,113.22154,44.58236,225.11885
"YEM",2004,16.81275,5.51266,80.52824
"GEO",2014,0,0,0
"PAK",2012,0.83415,0.30613,1.92447
"PHL",2014,0.04981,0.02159,0.088
"BDI",2016,51.4171,44.72638,60.69691
"UZB",2011,0,0,0
"IDN",2002,0.71728,0.34266,1.21889
"BOL",2021,0.07386,0.01847,0.16619
"BTN",2020,0,0,0
"IRN",2003,0.71211,0.71211,0.71211
"TJK",2013,0,0,0
"HTI",2009,2.48358,0.92412,5.07141
"MRT",2008,19.53967,18.91138,20.29361
"COD",2009,133.5059,115.31602,154.02794
"DOM",2022,0,0,0
"KGZ",2004,0,0,0
"TZA",2023,38.33821,36.01751,41.26841
"MDG",2000,13.55627,1.12585,35.17759
"EUR",2016,0,0,0
"SWZ",2022,1.172,NA,NA
"IRQ",2022,0,0,0
"ZAF",2016,0.59379,0.59379,0.59379
"VUT",2018,0,0,0
"PNG",2004,55.57802,14.83872,119.59586
"NGA",2018,88.36542,72.84207,109.44836
"MRT",2021,10.53882,2.80894,24.394
"ARG",2012,0,0,0
"MEX",2022,0,0,0
"MYS",2021,0,0,0
"PER",2021,0.13055,0.06911,0.21502
"BLZ",2001,0,0,0
"BEN",2012,79.30633,73.58389,85.50003
"EGY",2006,0,0,0
"CHN",2002,0.0078,0.0078,0.0078
"NGA",2001,174.3335,164.37674,184.66854
"CMR",2018,47.48375,43.07762,52.61952
"SDN",2017,12.20434,4.17659,26.61456
"COG",2002,70.84939,66.73093,75.56472
"AZE",2005,0,0,0
"MAR",2011,0,0,0
"BLZ",2015,0,0,0
"GNB",2002,94.31423,87.7991,101.83765
"GUF",2000,0,0,0
"ZWE",2013,20.03652,8.20106,35.41529
"MWI",2012,59.48601,56.52603,62.84701
"RWA",2019,24.56931,23.26218,26.60436
"ARE",2021,0,0,0
"AZE",2018,0,0,0
"COD",2008,150.5886,132.17906,171.26089
"SEAR",2006,2.31191,1.26033,3.70083
"ZMB",2014,50.56207,48.18401,53.24839
"AFR",2017,58.92401,55.19596,65.52129
"PER",2016,0.56916,0.2887,0.89911
"CRI",2022,0,0,0
"TGO",2016,59.07138,53.06499,65.6886
"AMR",2021,0.21592,0.15955,0.28551
"MRT",2009,19.21175,18.60282,19.91202
"ARG",2007,0,0,0
"KEN",2001,43.053,41.3515,44.89681
"BGD",2003,3.7782,3.7782,3.7782
"SDN",2003,14.11224,5.44194,26.89746
"UZB",2013,0,0,0
"AMR",2015,0.26611,0.19634,0.34673
"MLI",2015,101.83928,92.1152,112.82741
"KHM",2022,0.07355,0.03269,0.12258
"NGA",2010,119.55686,110.14566,129.36542
"TGO",2011,58.13656,54.3485,62.32945
"IDN",2022,0.73019,0.36365,1.11323
"TKM",2016,0,0,0
"MOZ",2000,234.62116,218.1618,252.10647
"GAB",2002,24.45851,22.82299,26.3914
"CRI",2005,0,0,0
"BTN",2013,0,0,0
"AFR",2020,59.42609,54.91001,70.66324
"PER",2001,0.84037,0.41546,1.35993
"IND",2013,1.37749,0.64922,2.34511
"SLB",2019,22.33428,10.95906,38.00989
"KOR",2012,0,0,0
"BDI",2017,51.36979,44.00021,61.99833
"PRY",2013,0,0,0
"COD",2013,75.82987,61.1639,93.31137
"OMN",2021,0,0,0
"GLOBAL",2022,13.96355,12.93044,16.89764
"HTI",2006,2.51389,0.94726,5.02808
"EGY",2022,0,0,0
"ERI",2020,11.30263,4.40559,21.08609
"SEN",2008,13.35385,5.23697,25.03972
"KEN",2021,21.92631,20.80641,23.29236
"GEO",2000,0,0,0
"BEN",2014,80.21757,73.89821,87.24408
"CAF",2018,82.70719,70.5932,97.21938
"MEX",2014,0,0,0
"COD",2018,86.14329,61.54287,121.45807
"OMN",2018,0,0,0
"COM",2014,0.70274,0.2811,1.12438
"MDG",2009,11.01299,4.25112,22.1608
"COG",2020,38.90286,33.75753,48.42868
"PNG",2006,43.33316,12.47792,93.94284
"VUT",2004,22.36147,9.72238,37.91727
"SOM",2007,24.55271,10.58041,42.52564
"ECU",2012,0,0,0
"BOL",2002,0.22289,0.0743,0.37149
"TZA",2002,99.50638,95.33979,103.86115
"VNM",2015,0.01754,0.00877,0.02777
"PAK",2010,0.82502,0.28537,1.9692
"MMR",2002,6.96125,3.0412,13.00436
"IRQ",2016,0,0,0
"ECU",2007,0.09852,0.09852,0.09852
"LAO",2000,12.38476,12.38476,12.38476
"TUR",2004,0,0,0
"SYR",2011,0,0,0
"AZE",2010,0,0,0
"ZWE",2014,25.0106,10.61029,43.809
"COM",2020,1.37129,0.62331,2.11927
"CHN",2013,0,0,0
"ARG",2004,0,0,0
"ZMB",2012,46.79612,45.08628,48.76747
"GUY",2018,4.92701,2.274,8.59069
"YEM",2020,9.25278,3.65038,18.00681
"GAB",2009,18.83776,17.69426,20.22201
"SYR",2020,0,0,0
"MRT",2018,13.94753,4.03441,31.49145
"YEM",2016,8.32742,3.41613,15.55162
"PHL",2010,0.2021,0.0858,0.36664
"CMR",2008,76.86528,71.83663,82.31374
"KOR",2013,0,0,0
"MDG",2022,29.96656,11.6042,56.35938
"SLV",2002,0,0,0
"SLV",2023,0,0,0
"ZAF",2018,1.17721,NA,NA
"VEN",2003,0.30897,0.30897,0.30897
"PAN",2012,0.0397,0.0397,0.0397
"GLOBAL",2002,27.03205,25.82441,28.17507
"BTN",2023,0,0,0
"GIN",2015,102.76135,94.11009,112.5346
"AFR",2009,92.55557,86.91481,96.5701
"ZMB",2004,76.45836,73.00984,79.97766
"LAO",2016,0.89015,0.41726,1.52995
"PER",2023,0.15045,0.0677,0.24072
"STP",2015,0,0,0
"COD",2019,80.96404,56.27151,117.38577
"PER",2019,0.27462,0.13339,0.47078
"ZAF",2010,1.58566,NA,NA
"WPR",2017,0.40441,0.20685,0.68305
"ERI",2006,1.73849,1.73849,1.73849
"EMR",2021,2.46668,1.38611,4.11716
"THA",2003,1.65727,1.65727,1.65727
"MOZ",2004,165.32501,153.32923,178.73206
"MRT",2010,18.93267,18.34287,19.61094
"GUF",2007,4.12446,4.12446,4.12446
"NGA",2011,107.22863,98.18437,117.11261
"GIN",2017,92.52636,83.68549,103.09524
"NER",2010,158.72417,146.72922,172.32634
"KGZ",2001,0,0,0
"TLS",2011,6.2251,2.87312,10.24747
"GAB",2001,26.49688,24.66425,28.71132
"MDG",2004,11.08208,0.39771,29.04358
"GMB",2016,26.92917,25.70312,28.41794
"BEN",2009,109.63862,102.4773,117.48347
"PAN",2010,0.04113,0.04113,0.04113
"CIV",2012,65.77299,61.03007,70.8908
"AMR",2018,0.38617,0.26195,0.51985
"BRA",2007,0.24297,0.24297,0.24297
"CRI",2023,0,0,0
"YEM",2001,22.6142,7.09766,104.1127
"VNM",2007,0.04867,0.02434,0.07463
"CAF",2000,105.6499,97.22399,115.90185
"PHL",2017,0.05737,0.0239,0.10358
"NAM",2012,0.22962,0.22962,0.22962
"GUF",2002,2.04564,2.04564,2.04564
"CPV",2008,1.53431,1.53431,1.53431
"MMR",2000,6.95902,3.03089,12.70186
"SUR",2022,0,0,0
"DJI",2020,15.56463,7.72199,23.16597
"YEM",2006,19.97587,6.32866,100.2847
"SUR",2015,0,0,0
"VUT",2020,0,0,0
"ERI",2010,5.46655,2.17304,9.94844
"UGA",2003,169.99768,161.08758,179.35936
"GMB",2010,29.22202,28.02823,30.51963
"SOM",2000,33.57955,13.22534,63.09827
"TLS",2023,0,0,0
"MEX",2011,0,0,0
"SDN",2000,21.49065,8.83613,39.47263
"CMR",2006,110.52166,103.12568,118.4588
"BEN",2018,86.5275,77.47502,96.61362
"TZA",2001,118.37788,113.17308,123.79867
"GUY",2000,6.53738,3.13794,10.45981
"NGA",2019,86.66942,69.87148,110.38039
"GHA",2008,63.76921,61.50942,66.24345
"BRA",2022,0.11712,0.11712,0.11712
"TUR",2006,0,0,0
"SYR",2019,0,0,0
"DZA",2019,0,0,0
"HTI",2010,2.47761,0.92482,4.98946
"DZA",2013,0,0,0
"YEM",2002,24.48117,8.13535,122.26044
"IDN",2007,0.71753,0.34379,1.20012
"MYS",2006,1.98729,1.98729,1.98729
"MLI",2007,140.77547,132.2541,149.8225
"COL",2017,0.17831,0.17831,0.17831
"ERI",2014,7.334,2.87545,13.63414
"VEN",2022,0.88612,0.45369,1.33981
"BOL",2001,0.22665,0.10073,0.42812
"SLE",2018,114.10322,100.5485,129.33905
"TKM",2009,0,0,0
"GUY",2009,3.72294,1.72851,5.98329
"RWA",2005,37.22999,36.03722,38.47799
"CMR",2014,55.43545,51.52779,59.50165
"COL",2006,0.8147,0.8147,0.8147
"LAO",2020,0.18312,0.07848,0.34008
"IRN",2023,0,0,0
"ZMB",2013,48.43822,46.4704,50.69161
"CPV",2002,1.64703,1.64703,1.64703
"BOL",2022,0.09126,0.0365,0.18251
"IDN",2008,0.71744,0.34477,1.2142
"GUY",2019,3.71441,1.73339,5.69543
"TCD",2010,109.42085,100.45368,118.97105
"SOM",2005,33.49233,14.49588,58.31353
"GLOBAL",2020,14.85274,13.8129,17.56667
"PHL",2004,0.46468,0.19744,0.81369
"NIC",2018,0.05327,0.05327,0.05327
"LKA",2008,0,0,0
"PRY",2014,0,0,0
"TZA",2004,78.64933,75.36139,82.01593
"COL",2015,0.1731,0.1731,0.1731
"SEN",2020,11.00111,4.8007,18.66093
"MYS",2004,3.46442,3.46442,3.46442
"RWA",2020,24.3842,22.9528,26.84864
"TCD",2012,95.65037,86.63484,105.16337
"STP",2014,0,0,0
"MLI",2017,85.31263,75.78354,96.83044
"MOZ",2007,117.23237,108.46672,126.84359
"GEO",2010,0,0,0
"BDI",2005,92.16719,85.37953,99.89062
"BLZ",2021,0,0,0
"CPV",2013,0,0,0
"MMR",2014,1.65095,0.74508,2.9622
"SWZ",2002,15.50686,15.50686,15.50686
"RWA",2023,23.99948,22.41575,27.07376
"WPR",2015,0.33131,0.17777,0.53924
"NIC",2008,0,0,0
"EUR",2009,0,0,0
"UGA",2016,40.30243,37.21989,44.03962
"BTN",2005,1.02087,1.02087,1.02087
"MOZ",2014,89.95103,76.70093,107.86214
"LKA",2002,0.65857,0.65857,0.65857
"YEM",2007,13.52534,4.70847,34.45559
"BWA",2017,1.13122,NA,NA
"GNQ",2016,52.04928,43.89379,63.65263
"ZMB",2002,114.60423,109.00691,120.55843
"DZA",2017,0,0,0
"CIV",2014,38.98498,36.22888,42.01017
"COM",2012,18.33842,8.50903,28.16782
"TCD",2022,75.58115,57.7706,102.4805
"ECU",2000,0.91782,0.91782,0.91782
"GHA",2016,41.87454,40.18157,43.86386
"SWZ",2005,5.62679,5.62679,5.62679
"TGO",2001,98.79899,93.43648,104.78681
"AGO",2020,51.41231,34.5637,80.71199
"CAF",2004,146.46446,133.94248,160.63152
"BLZ",2005,0,0,0
"VNM",2013,0.04195,0.01948,0.06292
"MDG",2015,26.44464,11.09021,46.99007
"ARE",2020,0,0,0
"CAF",2001,125.16944,114.96402,137.72211
"MMR",2005,6.96094,3.07514,12.94023
"BEN",2017,93.56483,84.61949,103.64807
"TCD",2013,91.46187,82.27507,101.42409
"PAK",2003,0.60321,0.19356,1.61485
"WPR",2012,0.48001,0.19629,0.97582
"BRA",2001,0.39677,0.39677,0.39677
"EUR",2001,0,0,0
"CRI",2008,0,0,0
"SSD",2008,83.43496,69.16811,100.26484
"VNM",2009,0.05179,0.02511,0.08004
"SSD",2001,181.02873,158.05932,206.2174
"TUR",2008,0,0,0
"GLOBAL",2001,28.57432,27.27283,29.73555
"CPV",2006,6.27013,6.27013,6.27013
"MDG",2017,19.09037,8.07804,33.54459
"TGO",2023,37.14397,30.84583,45.81734
"PAK",2000,0.6515,0.19898,1.71548
"CHN",2020,0,0,0
"NPL",2020,0,0,0
"TKM",2020,0,0,0
"COM",2022,6.23361,2.87705,9.71004
"BDI",2001,178.94704,164.86883,194.44212
"LBR",2003,157.17101,147.74652,167.42896
"AFG",2013,0.52836,0.18841,1.04034
"MEX",2009,0,0,0
"VUT",2003,33.87365,14.44612,62.76588
"BWA",2011,0.58194,0.58194,0.58194
"AFG",2006,1.13096,0.42793,2.30267
"ECU",2010,0,0,0
"VEN",2008,0.18536,0.09268,0.2923
"IRQ",2014,0,0,0
"BDI",2006,80.54113,74.80727,87.03782
"SEN",2006,31.0867,30.37366,31.84322
"SAU",2011,0,0,0
"BRA",2010,0.19328,0.19328,0.19328
"LKA",2015,0,0,0
"SEN",2019,10.518,4.22554,19.24442
"MDG",2012,17.49605,6.94727,34.8864
"TGO",2015,67.21739,60.87507,74.31626
"MWI",2009,79.6344,75.32759,84.35801
"MAR",2007,0,0,0
"BLZ",2002,0,0,0
"BTN",2011,0.1905,NA,NA
"CAF",2022,100.05808,78.61846,128.10857
"IRQ",2018,0,0,0
"EGY",2008,0,0,0
"CHN",2005,0.00876,0.00876,0.00876
"BFA",2004,277.30016,258.36739,297.83269
"ARG",2003,0.52051,0.52051,0.52051
"BGD",2002,3.99388,3.99388,3.99388
"MYS",2012,0.92709,0.92709,0.92709
"COG",2003,68.78034,64.80443,73.33668
"TJK",2015,0,0,0
"BWA",2012,0.2146,0.2146,0.2146
"NGA",2002,172.52159,162.52998,182.84895
"IRQ",2005,0,0,0
"PAK",2021,0.19538,0.10067,0.31814
"MRT",2013,18.26304,17.75425,18.85217
"SYR",2005,0,0,0
"KOR",2010,0.02929,0.02929,0.02929
"AZE",2013,0,0,0
"GTM",2008,0,0,0
"GAB",2013,20.80439,18.92258,23.26119
"MAR",2013,0,0,0
"MDG",2018,17.76328,7.3359,31.44953
"BRA",2015,0.08549,0.08549,0.08549
"UGA",2022,37.06826,29.42126,49.80907
"SAU",2016,0,0,0
"MDG",2006,8.34731,0.36491,22.1077
"AZE",2016,0,0,0
"SLB",2014,9.16923,4.25714,15.55495
"STP",2007,1.76784,1.76784,1.76784
"MDG",2021,42.5717,16.63117,79.62348
"MMR",2008,7.64224,3.45342,13.84249
"CPV",2011,0.75202,0.75202,0.75202
"ARM",2003,0,0,0
"ERI",2004,1.23158,0.42239,2.69409
"PHL",2003,0.5226,0.22368,0.90896
"EMR",2013,1.58904,1.03963,2.25156
"IDN",2001,0.71749,0.34231,1.21042
"DZA",2021,0,0,0
"KHM",2015,3.36508,1.64655,5.28178
"SSD",2018,75.49163,43.77121,128.8655
"VNM",2000,0.27083,0.13014,0.41153
"ZAF",2014,3.12979,NA,NA
"RWA",2003,51.47391,49.49414,53.53519
"LKA",2019,0,0,0
"AFG",2022,0.41813,0.17874,0.71497
"HTI",2001,2.47528,0.91334,5.02999
"TUR",2002,0,0,0
"COM",2001,16.26403,5.48226,32.71536
"VUT",2002,26.54917,11.7429,48.00549
"PHL",2022,0.0257,0.01058,0.04687
"PRY",2018,0,0,0
"GAB",2021,18.008,15.52559,22.08925
"SSD",2005,108.81218,94.45112,125.17584
"GNB",2008,54.1647,50.5358,58.39842
"PRK",2010,0,0,0
"ARM",2016,0,0,0
"PAK",2022,1.27345,0.64235,2.11283
"BFA",2016,93.84606,77.65225,114.0946
"SLV",2014,0,0,0
"UZB",2007,0,0,0
"BFA",2022,73.01956,52.42328,105.68199
"LBR",2009,80.47117,75.47501,85.9492
"COG",2021,37.66007,32.82315,47.02883
"NAM",2004,76.87183,76.87183,76.87183
"COD",2004,190.79704,172.82071,210.27504
"BOL",2006,0.3241,0.1389,0.53244
"SSD",2021,62.01119,34.80652,119.34739
"IND",2018,0.51772,0.25535,0.84151
"BGD",2012,0.50862,0.23337,0.81977
"BLZ",2007,0,0,0
"VUT",2007,16.26927,6.32694,76.37521
"AGO",2011,47.58375,38.3965,59.88032
"SDN",2012,7.71331,3.35832,13.27892
"BGD",2006,3.21963,3.21963,3.21963
"VNM",2020,0,0,0
"CPV",2010,0.75447,0.75447,0.75447
"GIN",2014,110.72156,101.80491,120.72794
"DOM",2009,0.26216,0.26216,0.26216
"CMR",2019,44.9226,40.15511,50.62319
"LBR",2000,201.15323,188.92694,214.19916
"CAF",2006,168.22084,153.00695,184.64544
"NAM",2002,100.25571,100.25571,100.25571
"UGA",2001,187.26909,177.55022,197.59413
"NER",2005,152.89843,143.09921,163.26467
"BDI",2014,48.60282,43.78791,54.62146
"BRA",2013,0.09928,0.09928,0.09928
"ECU",2005,0.28038,0.28038,0.28038
"PRY",2017,0,0,0
"PAN",2017,0,0,0
"SEN",2014,9.99145,4.0842,18.11763
"COM",2002,15.92348,5.54638,31.84696
"GEO",2002,0,0,0
"MRT",2005,20.99312,20.24458,21.77568
"GAB",2010,21.10614,19.53626,23.02488
"BGD",2019,0.26445,0.12379,0.43325
"ETH",2010,30.78475,7.87108,92.4799
"GTM",2020,0,0,0
"PER",2020,0.17833,0.08529,0.31789
"AFG",2001,6.16177,2.58587,11.97252
"WPR",2005,0.65392,0.33107,1.15632
"NPL",2010,0.07556,0.07556,0.07556
"COG",2023,36.29374,31.87832,45.51273
"PRY",2004,0,0,0
"NER",2006,116.95627,109.38018,124.98089
"GLOBAL",2005,23.48389,22.27904,24.71646
"TZA",2017,41.6097,40.10573,43.38499
"IRN",2015,0,0,0
"VUT",2006,13.89384,6.02066,26.40988
"GIN",2005,106.02602,99.90435,112.74255
"BWA",2019,0.45275,0.45275,0.45275
"GUY",2005,9.06804,4.59973,14.58772
"KEN",2002,41.03916,39.46392,42.74313
"COG",2005,59.62569,56.29813,63.33201
"STP",2009,12.93203,12.93203,12.93203
"IND",2015,1.20106,0.57313,1.97276
"PNG",2011,25.85457,7.62118,55.7715
"GUY",2015,2.89939,1.3179,4.87624
"GIN",2010,133.26169,124.24868,143.05408
"PER",2012,0.20679,0.09478,0.33603
"PNG",2003,45.98304,11.4631,99.78818
"GIN",2009,124.30579,116.23143,132.98127
"TLS",2002,24.06707,10.40084,41.84828
"CMR",2010,63.24465,59.14155,67.65281
"CRI",2012,0,0,0
"HND",2018,0.01131,0.01131,0.01131
"AMR",2019,0.33835,0.22566,0.46671
"STP",2011,10.23437,NA,NA
"VUT",2012,0,0,0
"ZMB",2008,48.21322,46.6312,49.97956
"MEX",2010,0,0,0
"SLV",2006,0,0,0
"BFA",2001,372.63112,348.75922,397.68195
"KEN",2006,25.91317,25.20322,26.66648
"MOZ",2022,64.59407,40.16988,110.13521
"SLB",2011,19.72909,8.76848,36.35268
"BLZ",2016,0,0,0
"AGO",2004,114.07805,100.85255,129.8035
"DJI",2009,0.87774,0.43887,1.4629
"TGO",2005,116.75673,109.57065,124.42231
"GTM",2010,0,0,0
"OMN",2014,0,0,0
"UZB",2018,0,0,0
"MAR",2022,0,0,0
"PRK",2018,0,0,0
"PAN",2009,0,0,0
"ETH",2017,16.26992,4.60997,38.47179
"AGO",2021,59.34422,37.88012,98.02699
"BTN",2018,0,0,0
"SWZ",2001,21.06708,21.06708,21.06708
"PER",2008,0.30143,0.15071,0.46987
"EGY",2016,0,0,0
"VUT",2001,12.56341,5.75823,23.03291
"COD",2006,190.94328,170.97468,212.74453
"TCD",2006,103.44514,96.67408,110.97168
"BGD",2009,1.15008,0.52892,1.86965
"TCD",2008,105.93245,98.39101,114.12582
"CIV",2000,169.65926,159.1276,181.33789
"LAO",2007,3.64931,1.42799,6.85436
"DJI",2005,0.63562,0.1589,1.43014
"BRA",2002,0.26217,0.26217,0.26217
"THA",2011,0.32837,NA,NA
"ZWE",2003,26.25606,4.82737,76.64014
"SLB",2022,26.76995,13.57896,42.28877
"NPL",2004,0.09265,0.09265,0.09265
"SOM",2004,30.64878,13.00457,53.83719
"CAF",2019,80.91487,68.21441,96.12306
"CAF",2020,80.63059,66.5456,98.11796
"SLB",2004,138.76356,54.27102,275.84046
"PRK",2004,0,0,0
"ZWE",2022,7.39733,2.75029,14.17842
"SLV",2008,0,0,0
"SLE",2000,312.57269,293.56107,332.23988
"GNB",2021,49.88243,39.58538,66.34801
"GHA",2021,34.97376,32.90418,37.89524
"COL",2004,1.36998,1.36998,1.36998
"PER",2004,0.89586,0.45707,1.39864
"NPL",2012,0.01251,0,0.02501
"AZE",2004,0,0,0
"WPR",2021,0.34601,0.16046,0.59558
"VNM",2008,0.03983,0.03983,0.03983
"SDN",2018,13.29849,4.27069,30.15435
"LBR",2013,66.01438,61.45087,71.45033
"MWI",2022,36.58466,30.84282,47.01798
"IRN",2016,0,0,0
"COL",2002,1.81462,1.81462,1.81462
"AFR",2003,123.62404,117.2625,126.92507
"GNQ",2019,44.24681,37.78043,55.08398
"CHN",2006,0.00689,0.00689,0.00689
"BEN",2001,102.18121,96.70146,108.09074
"BDI",2021,55.7326,41.42538,81.67842
"TJK",2012,0,0,0
"GNQ",2005,64.81121,60.0612,70.61941
"UZB",2016,0,0,0
"TCD",2009,108.89601,100.65868,117.86463
"AMR",2017,0.44944,0.30452,0.61584
"VEN",2018,2.50272,1.3151,3.82453
"IND",2010,2.62835,1.21814,4.56399
"AFG",2005,1.37457,0.54664,2.7173
"COD",2016,79.76877,59.7047,106.08621
"TCD",2021,78.26778,60.85163,103.31209
"THA",2013,0.35462,0.35462,0.35462
"MMR",2012,7.85798,3.57657,14.48856
"EMR",2019,2.27491,1.27835,3.84419
"SYR",2017,0,0,0
"BGD",2016,0.41545,0.19041,0.64625
"COD",2000,184.54311,168.9312,202.87714
"SLB",2007,62.60691,27.66317,114.51006
"SLV",2000,0,0,0
"DZA",2014,0,0,0
"SLE",2001,294.75474,276.9612,313.2515
"NIC",2021,0,0,0
"VEN",2004,0.26575,0.26575,0.26575
"KGZ",2019,0,0,0
"GTM",2019,0,0,0
"SEAR",2014,1.44252,0.7467,2.37507
"KHM",2019,0.86997,0.45204,1.3476
"SLV",2015,0,0,0
"WPR",2000,0.97078,0.55861,1.57657
"NPL",2009,0.10138,0.10138,0.10138
"SLB",2021,21.85532,11.12634,33.91217
"PAK",2017,0.29202,0.14305,0.52393
"MWI",2007,81.15588,77.36988,85.09655
"LKA",2006,0.02136,0.02136,0.02136
"COG",2012,40.37591,37.52808,43.37141
"BWA",2020,0.70129,0.70129,0.70129
"STP",2005,52.58632,52.58632,52.58632
"BOL",2009,0.13204,0.04401,0.22007
"CAF",2002,129.32852,118.71964,142.18399
"IRN",2000,0.58985,0.58985,0.58985
"IRN",2014,0,0,0
"BRA",2000,0.69355,0.69355,0.69355
"MDG",2001,16.12757,1.73179,40.95021
"THA",2017,0.11108,0.11108,0.11108
"SWZ",2010,2.57018,NA,NA
"BDI",2013,48.97819,44.68673,54.21799
"IRN",2004,0.13941,0.13941,0.13941
"ETH",2012,30.66323,11.37637,69.32957
"BFA",2014,132.49432,113.55232,154.31065
"BRA",2011,0.17658,0.17658,0.17658
"GLOBAL",2014,15.26006,14.34519,16.64234
"VEN",2021,1.09782,0.56662,1.66443
"COD",2017,78.77162,57.59071,107.46265
"ZMB",2006,56.10264,53.98385,58.3451
"IND",2022,0.27502,0.13521,0.44185
"RWA",2010,29.09605,28.25282,29.99742
"TCD",2014,90.44194,80.55101,101.08091
"PNG",2012,33.89268,8.29034,79.21997
"BRA",2008,0.17596,0.17596,0.17596
"TCD",2017,86.36596,73.22161,101.27695
"GMB",2004,29.05056,28.06371,30.0991
"CHN",2000,0.00735,0.00735,0.00735
"WPR",2009,0.6679,0.31358,1.23138
"MMR",2016,0.61071,0.28753,0.99854
"EUR",2002,0,0,0
"MYS",2003,2.12726,2.12726,2.12726
"COM",2005,15.52279,15.52279,15.52279
"BRA",2023,0.17032,0.17032,0.17032
"ARM",2007,0,0,0
"IDN",2009,0.71746,0.347,1.21373
"HND",2023,0,0,0
"BOL",2012,0.08385,0.02096,0.14673
"ECU",2006,0.11275,0.11275,0.11275
"IDN",2003,0.71762,0.34659,1.20419
"SAU",2005,0,0,0
"GLOBAL",2006,23.28299,22.06722,24.49956
"GTM",2001,0,0,0
"CHN",2015,0,0,0
"MEX",2013,0,0,0
"PRY",2002,0,0,0
"IND",2020,0.46963,0.22401,0.76858
"GHA",2001,93.87582,90.38498,97.72368
"DJI",2014,3.72362,NA,NA
"SWZ",2017,6.16724,NA,NA
"COG",2001,80.91582,75.72107,86.84394
"SDN",2015,9.86398,4.05246,18.16903
"IND",2021,0.45708,0.2187,0.74011
"SOM",2002,34.08354,13.58106,62.96346
"TGO",2019,40.48177,35.64901,46.248
"OMN",2012,0,0,0
"GAB",2015,19.20637,17.24654,21.85215
"SDN",2023,15.93436,5.54725,34.48294
"PRY",2001,0,0,0
"ARM",2000,0,0,0
"IDN",2005,0.71338,0.36644,1.07636
"SEAR",2003,2.44627,1.3747,3.73768
"TZA",2009,50.22691,48.5378,52.05118
"GEO",2004,0,0,0
"SEN",2003,33.96083,33.11204,34.82827
"BOL",2007,0.25033,0.11379,0.43239
"MDG",2013,15.74082,6.31707,30.34142
"PHL",2011,0.08242,0.03507,0.14731
"PRY",2006,0,0,0
"YEM",2022,9.76352,3.79241,19.12879
"VEN",2014,0.72717,0.38342,1.11059
"ZWE",2009,18.89074,5.53653,40.99942
"GUF",2012,1.4708,NA,NA
"COM",2009,13.86407,4.82906,27.72815
"TLS",2022,0,0,0
"SUR",2018,0,0,0
"OMN",2017,0,0,0
"PRK",2016,0,0,0
"SWZ",2019,0.90809,0.90809,0.90809
"STP",2003,125.47622,125.47622,125.47622
"DZA",2003,0,0,0
"NIC",2010,0.01981,0.01981,0.01981
"KAZ",2012,0,0,0
"GNQ",2008,52.37292,48.31586,57.25983
"LKA",2017,0,0,0
"ZWE",2002,26.25512,4.99047,76.35969
"SEAR",2012,1.73838,0.9983,2.69211
"KHM",2002,8.78072,3.84908,15.17764
"EGY",2015,0,0,0
"HND",2005,0.01476,0.01476,0.01476
"ZMB",2003,93.27547,88.90509,97.90055
"CIV",2001,174.04231,163.17807,186.15538
"MEX",2004,0,0,0
"TJK",2003,0,0,0
"BTN",2008,0.39378,0.39378,0.39378
"LKA",2001,1.15348,1.15348,1.15348
"GUF",2009,0.78344,0.78344,0.78344
"ZMB",2020,44.89125,38.826,54.25146
"ERI",2012,2.79883,1.11953,5.13667
"GHA",2007,63.03961,60.88669,65.40825
"GMB",2019,24.34017,23.15979,25.76476
"OMN",2015,0,0,0
"COG",2009,42.88498,40.85285,45.15069
"LBR",2022,71.57621,54.78948,99.69676
"TKM",2015,0,0,0
"BGD",2000,3.33796,3.33796,3.33796
"PRY",2005,0,0,0
"TCD",2011,101.13093,92.24472,110.55617
"VNM",2003,0.13473,0.0648,0.20294
"UGA",2019,37.08636,33.08394,42.46088
"MAR",2021,0,0,0
"BWA",2023,0.24326,0.24326,0.24326
"VNM",2021,0,0,0
"BFA",2000,374.7921,351.16215,399.54568
"PER",2015,0.58516,0.29258,0.9279
"TCD",2002,99.59662,93.66297,106.17355
"SLB",2020,16.82376,8.68323,25.91401
"BLZ",2023,0,0,0
"GNB",2022,48.63386,38.70761,65.44674
"NPL",2007,0.05142,0.02571,0.08998
"ARM",2015,0,0,0
"GNB",2004,64.24307,60.38996,68.76305
"CAF",2014,126.27666,111.13558,143.68945
"NGA",2012,97.62281,88.71702,107.67622
"AZE",2021,0,0,0
"TCD",2016,87.73744,75.76334,100.83517
"EMR",2022,2.85903,1.74106,4.5558
"MEX",2017,0,0,0
"HTI",2016,0.96496,0.37759,1.77259
"TKM",2004,0,0,0
"SYR",2010,0,0,0
"GUY",2011,9.6495,4.55671,15.81445
"STP",2001,169.42784,169.42784,169.42784
"SEAR",2007,2.26753,1.21808,3.64637
"PRK",2000,0,0,0
"LKA",2009,0,0,0
"SLV",2001,0,0,0
"HTI",2019,0.45356,0.18142,0.82648
"HND",2003,0,0,0
"TZA",2012,43.89726,42.56531,45.38752
"VUT",2016,0,0,0
"HND",2010,0.03959,0.03959,0.03959
"SEAR",2015,1.07168,0.58133,1.66237
"SYR",2009,0,0,0
"GHA",2023,33.92929,31.92266,36.80606
"EMR",2003,3.33474,2.08049,6.63697
"ZAF",2017,5.22251,NA,NA
"MWI",2004,95.13839,90.64266,99.89811
"NPL",2008,0.03827,0.01276,0.05103
"EGY",2004,0,0,0
"CRI",2017,0,0,0
"TLS",2009,19.88363,8.5359,35.14783
"TLS",2012,0.84319,0.37475,1.40532
"AMR",2007,0.37927,0.28892,0.52713
"COM",2008,14.14254,4.92605,28.44399
"AFG",2000,6.20891,2.64441,12.06394
"MAR",2020,0,0,0
"TLS",2019,0,0,0
"COG",2013,41.77391,38.10917,45.91218
"UGA",2002,183.41847,174.05789,193.78158
"CIV",2020,39.9475,34.6908,46.0688
"COG",2004,65.17921,61.50517,69.38613
"SLV",2019,0,0,0
"ARM",2009,0,0,0
"NGA",2020,93.57971,72.02464,125.44491
"LAO",2010,3.30713,1.36533,5.97711
"SYR",2013,0,0,0
"PRY",2011,0,0,0
"BEN",2010,94.73861,88.39004,101.75061
"TUR",2013,0,0,0
"NER",2008,128.37593,119.3144,138.12732
"OMN",2009,0,0,0
"GHA",2010,66.30424,63.74486,69.13839
"KOR",2019,0,0,0
"CRI",2016,0,0,0
"GUY",2012,10.18374,4.82387,16.61557
"TCD",2020,82.65992,63.34795,109.0278
"OMN",2006,0,0,0
"GTM",2009,0,0,0
"GAB",2014,19.814,17.9438,22.3413
"LAO",2002,6.67912,6.67912,6.67912
"ZWE",2016,16.93535,6.79327,31.47043
"LAO",2001,8.42318,8.42318,8.42318
"NAM",2005,84.8829,84.8829,84.8829
"DOM",2014,0.0704,0.0704,0.0704
"SAU",2007,0,0,0
"NIC",2009,0,0,0
"KGZ",2008,0,0,0
"HND",2012,0.01267,0.01267,0.01267
"VNM",2001,0.24364,0.11834,0.36894
"GNQ",2020,46.02474,38.1015,60.12346
"BLZ",2000,0,0,0
"GUF",2019,0,0,0
"ARM",2017,0,0,0
"LAO",2011,2.18302,0.89713,3.85767
"EUR",2020,0,0,0
"ECU",2001,1.14809,1.14809,1.14809
"MOZ",2001,229.61281,213.51051,247.05871
"GEO",2005,0,0,0
"SUR",2011,1.21714,NA,NA
"BWA",2016,0.20248,0.20248,0.20248
"NER",2023,135.24916,108.99893,170.1769
"KOR",2000,0,0,0
"GNQ",2013,53.48317,46.50064,62.24846
"MWI",2018,37.35411,33.57606,42.42223
"KHM",2008,4.97127,2.22057,8.68247
"DZA",2018,0,0,0
"KOR",2003,0,0,0
"GUY",2007,2.6425,1.18912,4.09587
"SWZ",2015,1.56256,NA,NA
"RWA",2015,25.73878,24.81954,26.80407
"VNM",2005,0.06191,0.03012,0.09538
"TUR",2019,0,0,0
"BEN",2011,84.32057,78.51492,90.6513
"MEX",2016,0,0,0
"GLOBAL",2018,14.10354,13.14029,15.88234
"HTI",2002,2.48367,0.89724,4.99334
"GAB",2012,21.65804,19.76296,24.04043
"GAB",2018,18.84902,16.45334,22.28433
"GAB",2020,18.38505,15.75862,22.7768
"DZA",2012,0,0,0
"SLB",2000,109.15829,41.04902,220.83914
"TZA",2019,39.81418,38.16991,41.71533
"AMR",2009,0.33663,0.23281,0.50381
"CIV",2007,139.53505,130.26758,149.70608
"GMB",2012,33.8702,32.05922,35.9259
"MMR",2021,0.49663,0.21069,2.19087
"TZA",2018,40.53126,38.96781,42.31234
"PAK",2008,0.36447,0.10306,1.0451
"NER",2004,134.69185,126.27173,143.46627
"CIV",2022,36.66392,31.07419,43.63563
"VEN",2019,2.41896,1.25786,3.68373
"BLZ",2017,0,0,0
"PHL",2002,0.37335,0.16179,0.65336
"GIN",2006,102.64618,96.53465,109.19198
"GAB",2000,28.37943,26.26273,30.80971
"SAU",2014,0,0,0
"COM",2015,0.55045,0.27522,0.96328
"KEN",2012,23.24765,22.70081,23.83323
"CRI",2006,0,0,0
"GEO",2007,0,0,0
"PAK",2023,2.03679,1.03604,3.40535
"SLE",2009,240.13953,224.27004,256.66956
"KHM",2020,0.22692,0.10926,0.35299
"VUT",2014,0,0,0
"SLB",2012,15.6726,7.04387,27.99937
"BWA",2004,1.58584,1.58584,1.58584
"VEN",2013,0.70205,0.35437,1.0698
"CHN",2009,0.00214,0.00214,0.00214
"AGO",2018,46.00738,32.86872,67.31618
"HTI",2003,2.47883,0.91998,5.05988
"COL",2021,0.09707,0.09707,0.09707
"MMR",2010,8.48231,3.64765,15.39604
"LAO",2015,2.26044,1.04545,3.84274
"AMR",2002,0.60163,0.48723,0.77628
"BGD",2004,3.27908,3.27908,3.27908
"SLV",2021,0,0,0
"AZE",2014,0,0,0
"BFA",2015,114.38165,96.37059,135.92873
"PAN",2005,0.04505,0.04505,0.04505
"KHM",2001,10.0388,4.342,17.3347
"THA",2005,1.28518,1.28518,1.28518
"AFR",2007,102.4465,96.57793,105.79594
"BWA",2003,1.52895,1.52895,1.52895
"KEN",2015,22.1349,21.63797,22.66582
"NER",2015,165.02923,149.39193,182.99871
"GAB",2003,21.70219,20.40006,23.22134
"MEX",2001,0,0,0
"MLI",2006,147.69689,138.94787,156.83904
"PAK",2002,0.62381,0.18197,1.71939
"ARG",2018,0,0,0
"IDN",2023,0.66716,0.33394,1.01569
"BDI",2019,52.85045,43.85029,66.81987
"HND",2000,0,0,0
"GUF",2005,1.78557,1.78557,1.78557
"EUR",2022,0,0,0
"BTN",2001,3.09743,3.09743,3.09743
"NPL",2011,0.02507,0.02507,0.02507
"GNQ",2003,61.68457,57.79242,66.87409
"GUF",2011,1.50919,NA,NA
"VEN",2000,0.21201,0.10601,0.33433
"PAN",2008,0.04264,0.04264,0.04264
"PNG",2022,33.30338,13.99541,59.13898
"SLB",2013,14.0918,6.45167,24.78799
"EUR",2004,0,0,0
"BFA",2002,353.92609,330.86759,378.73526
"TLS",2001,30.10759,7.85415,83.77764
"LAO",2003,6.30724,6.30724,6.30724
"SDN",2013,8.15385,3.54101,14.21432
"GIN",2019,83.60987,74.38808,95.15629
"MWI",2001,157.21477,149.74479,165.00392
"COG",2010,41.54817,39.46404,43.76677
"LKA",2000,1.73525,1.73525,1.73525
"TZA",2014,45.67092,44.09997,47.50801
"GEO",2011,0,0,0
"SWZ",2008,3.2524,3.2524,3.2524
"NAM",2007,11.29652,11.29652,11.29652
"PAK",2011,0.90562,0.33948,2.02593
"TCD",2018,85.17727,70.94022,102.51201
"GHA",2020,35.47124,33.49556,38.16506
"CHN",2012,0,0,0
"TGO",2009,64.92808,61.00553,69.27798
"PNG",2015,21.27356,8.61236,39.0816
"RWA",2006,33.90597,32.91665,34.97058
"BTN",2009,0.77889,0.77889,0.77889
"CRI",2020,0,0,0
"COG",2014,40.7968,36.898,45.59997
"TKM",2010,0,0,0
"BOL",2013,0.1238,0.0619,0.22697
"CIV",2013,44.72891,41.62111,48.16252
"PAN",2013,0,0,0
"KAZ",2019,0,0,0
"EGY",2014,0,0,0
"MLI",2018,79.67409,69.83162,91.88423
"SLB",2018,15.81176,7.97711,24.64356
"CAF",2021,99.90024,80.5931,124.86062
"IND",2001,2.84177,1.37613,4.63411
"ZMB",2021,44.55303,38.4266,54.12282
"NAM",2019,0.28519,0.28519,0.28519
"IRN",2007,0.39386,0.39386,0.39386
"MEX",2019,0,0,0
"TLS",2017,0,0,0
"RWA",2001,66.66993,63.8342,69.57807
"EGY",2000,0,0,0
"ERI",2008,1.31377,0.53261,2.45
"GIN",2004,117.59156,110.67311,124.99552
"HND",2017,0.01151,0.01151,0.01151
"IRQ",2023,0,0,0
"IDN",2011,1.15244,0.58043,1.77296
"GMB",2002,31.58187,30.40976,32.8191
"GEO",2013,0,0,0
"AFR",2010,84.96656,81.0171,91.37099
"PER",2017,0.5202,0.2601,0.82906
"MRT",2020,11.21707,2.86948,26.76119
"GNB",2023,41.09896,34.96895,51.26921
"GUY",2023,5.08257,2.6623,8.10792
"ZWE",2007,42.90705,13.19099,93.18496
"CPV",2009,1.5198,1.5198,1.5198
"PER",2000,1.35927,0.64135,2.39309
"ECU",2016,0,0,0
"SLV",2003,0,0,0
"MYS",2010,1.13415,NA,NA
"MDG",2010,11.00375,4.21037,22.12043
"TGO",2013,67.6692,62.37096,73.54392
"OMN",2016,0,0,0
"STP",2016,0.49095,NA,NA
"CAF",2003,147.91306,135.53213,162.41434
"RWA",2021,24.43232,22.82996,27.27015
"THA",2010,0.61474,0.61474,0.61474
"GMB",2009,27.89323,26.87796,28.96193
"SLB",2001,117.17529,44.98092,234.35058
"SWZ",2003,10.04433,10.04433,10.04433
"CMR",2023,40.89144,34.23363,50.33018
"MMR",2004,6.95951,3.06271,12.84377
"GTM",2013,0.00861,0.00861,0.00861
"SOM",2010,10.30847,4.33054,18.40683
"ARM",2012,0,0,0
"ZWE",2004,26.26001,4.8371,76.15248
"GEO",2012,0,0,0
"KEN",2011,23.60001,23.04105,24.19638
"MYS",2018,0,0,0
"PRK",2021,0,0,0
"NER",2011,182.45507,167.64978,198.65765
"IND",2008,2.65254,1.21564,4.56954
"VEN",2011,0.32208,0.16447,0.48655
"LKA",2013,0,0,0
"PER",2022,0.20536,0.09888,0.31944
"MLI",2004,157.02456,147.94226,166.32819
"BFA",2005,238.89396,222.14131,257.03907
"PNG",2008,34.91577,8.56188,77.4088
"CHN",2017,0,0,0
"ARG",2009,0,0,0
"ETH",2009,26.80583,6.83873,82.2084
"ZWE",2008,17.27689,2.66528,41.03236
"ARM",2001,0,0,0
"BEN",2015,88.63025,81.26273,96.9044
"GNQ",2010,50.62716,45.91766,56.42994
"AGO",2000,138.0993,124.68101,154.32667
"DZA",2009,0,0,0
"LBR",2002,173.61487,163.04789,184.89192
"SEAR",2004,2.65753,1.47346,4.15919
"TCD",2003,103.32546,96.98484,110.34809
"GUY",2013,11.99966,5.59984,21.33274
"KAZ",2015,0,0,0
"ETH",2021,9.68162,3.46635,18.9649
"GLOBAL",2015,14.8532,13.94077,16.29822
"THA",2023,0.03675,0.03675,0.03675
"MYS",2011,0.94301,0.94301,0.94301
"HND",2015,0,0,0
"GHA",2011,65.771,63.14215,68.69875
"SWZ",2021,1.47996,NA,NA
"ARG",2017,0,0,0
"KHM",2011,6.12025,3.00761,9.58616
"SLE",2006,193.10278,180.99496,205.60174
"ARM",2005,0,0,0
"VNM",2016,0.00866,0.00289,0.01299
"NAM",2008,9.35471,9.35471,9.35471
"AMR",2013,0.33072,0.23455,0.45985
"KOR",2017,0,0,0
"MWI",2017,38.93631,35.37196,43.44872
"CAF",2016,102.65901,89.06025,118.44292
"KEN",2020,21.80119,20.76705,23.05365
"GMB",2020,24.24741,22.97541,25.8374
"SSD",2002,159.68334,139.41595,181.72431
"MLI",2022,61.87848,49.9855,77.76743
"GMB",2008,28.22012,27.22994,29.37533
"NIC",2003,0.15265,0.15265,0.15265
"ARG",2019,0,0,0
"EMR",2012,1.70802,1.11218,2.49436
"AFG",2017,1.37182,0.59872,2.31549
"BGD",2021,0.08855,0.03874,0.14943
"CMR",2000,120.34094,113.10546,128.34757
"DZA",2008,0,0,0
"SEN",2013,15.09753,6.19929,27.06634
"EGY",2021,0,0,0
"OMN",2004,0,0,0
"COL",2019,0.02715,0.02715,0.02715
"ZWE",2001,26.25438,4.73109,75.74071
"KEN",2019,21.25469,20.78791,21.80544
"MRT",2003,22.91183,22.12669,23.83972
"DOM",2016,0.01721,0.01721,0.01721
"MOZ",2011,99.17951,89.68652,109.77624
"DOM",2017,0.01702,0.01702,0.01702
"COD",2020,78.15918,52.15332,119.30022
"ERI",2005,2.21703,0.86333,4.35891
"MMR",2023,1.39937,0.58943,6.07465
"AFG",2012,0.38992,0.13139,0.79679
"TGO",2020,41.25854,35.19145,49.05579
"ARM",2020,0,0,0
"IND",2012,1.71394,0.7947,2.96772
"BRA",2012,0.15013,0.15013,0.15013
"GHA",2022,34.58007,32.40505,37.73551
"AFG",2021,0.29466,0.13276,0.49865
"ZWE",2015,24.08678,9.78972,43.91405
"SUR",2010,1.23118,NA,NA
"IND",2007,2.50484,1.17025,4.32954
"ZAF",2006,1.74006,1.74006,1.74006
"CAF",2007,145.55982,132.00322,160.2144
"CIV",2002,175.28492,164.4137,187.45888
"MWI",2008,80.91487,76.86519,85.30799
"MOZ",2019,60.55337,46.00714,83.32112
"GNB",2014,48.87653,43.36284,55.82607
"THA",2000,5.22734,5.22734,5.22734
"GEO",2016,0,0,0
"VNM",2019,0,0,0
"SAU",2017,0,0,0
"BGD",2005,3.21235,3.21235,3.21235
"DOM",2002,0.2256,0.2256,0.2256
"IRN",2008,0.38911,0.38911,0.38911
"AZE",2009,0,0,0
"PER",2003,0.87699,0.45234,1.38472
"NGA",2014,89.23548,79.36162,101.3003
"GUF",2014,0,0,0
"KGZ",2002,0,0,0
"DOM",2015,0.05219,0.05219,0.05219
"EMR",2005,2.89799,1.8035,5.62971
"COD",2005,191.4634,172.93343,211.72866
"MAR",2001,0,0,0
"GLOBAL",2013,15.57661,14.78644,16.70427
"COG",2000,68.54216,64.51214,73.14337
"TKM",2014,0,0,0
"SUR",2016,0,0,0
"DZA",2000,0.11017,0.11017,0.11017
"NGA",2017,88.47538,74.71969,107.05675
"MMR",2007,6.10558,2.74989,10.96166
"RWA",2013,26.62859,25.77222,27.62919
"KEN",2008,23.7232,23.16206,24.32004
"IND",2004,2.95072,1.42132,4.8429
"WPR",2008,0.50728,0.2337,0.94529
"GNB",2016,46.67303,40.83208,54.20622
"PHL",2020,0.05073,0.02152,0.09377
"CRI",2000,0,0,0
"NER",2019,140.83729,123.04013,161.42318
"PNG",2014,36.86305,14.21961,71.25145
"PRK",2006,0,0,0
"SEN",2021,13.99465,5.84756,24.69112
"TCD",2007,103.88387,96.81267,111.72123
"VUT",2023,0,0,0
"GMB",2003,30.48914,29.47495,31.69349
"CAF",2011,121.99287,109.11231,136.34165
"MLI",2013,135.24926,124.241,147.42035
"CRI",2011,0,0,0
"KGZ",2013,0,0,0
"NAM",2000,137.50813,137.50813,137.50813
"MWI",2003,113.959,108.71337,119.49195
"AFG",2014,0.60035,0.26068,1.06247
"PAN",2016,0,0,0
"DOM",2018,0.01684,0.01684,0.01684
"STP",2022,0,0,0
"LBR",2001,189.46473,177.92373,201.80249
"ARM",2022,0,0,0
"EUR",2010,0,0,0
"SLE",2016,131.56931,118.68995,145.55895
"IRQ",2008,0,0,0
"SLV",2012,0,0,0
"MWI",2019,36.22459,32.29307,41.81175
"SLV",2007,0,0,0
"SAU",2003,0,0,0
"SLE",2004,220.30668,206.97513,234.21752
"GLOBAL",2021,14.18964,13.17526,16.89071
"TJK",2010,0,0,0
"ARE",2023,0,0,0
"NAM",2015,1.69797,NA,NA
"ARG",2006,0,0,0
"TJK",2006,0,0,0
"COM",2021,3.17781,1.46668,5.01116
"SLB",2008,36.13248,15.68388,65.71346
"PHL",2019,0.0482,0.01866,0.08708
"GIN",2011,136.11015,126.3699,146.52602
"SLB",2003,98.81016,43.33779,181.15738
"DJI",2002,0.67045,0.16761,1.3409
"DOM",2011,0.18254,0.18254,0.18254
"VUT",2008,16.30703,5.28877,73.61302
"CRI",2019,0,0,0
"PHL",2013,0.06077,0.02532,0.10465
"AGO",2007,84.79894,72.24261,100.3005
"MLI",2021,64.10397,53.25024,78.44618
"GLOBAL",2000,28.79043,27.55005,29.85665
"BOL",2017,0.03886,0,0.07772
"AGO",2019,47.11259,32.93526,70.33685
"LAO",2006,3.96408,1.51473,7.70255
"LAO",2014,3.84185,1.7489,6.56555
"GUY",2008,3.04795,1.45771,4.90322
"IDN",2021,0.51019,0.25257,0.7801
"GAB",2007,16.89974,16.12865,17.79935
"GTM",2000,0,0,0
"ARG",2020,0,0,0
"SEAR",2008,2.43126,1.29993,3.9704
"SWZ",2018,0.61106,0.61106,0.61106
"TJK",2019,0,0,0
"TZA",2013,45.14776,43.65055,46.81497
"GNQ",2017,49.79535,41.98682,61.44413
"TGO",2012,61.99357,57.59966,66.86631
"KEN",2022,21.77044,20.57787,23.24872
"NPL",2017,0,0,0
"MOZ",2008,107.42454,99.30308,116.31128
"THA",2004,1.85183,1.85183,1.85183
"GUY",2017,4.42433,1.95191,7.54739
"EUR",2014,0,0,0
"ZMB",2019,43.66463,40.14294,48.2882
"DZA",2006,0,0,0
"LKA",2023,0,0,0
"SUR",2013,1.18985,NA,NA
"MYS",2007,1.38897,1.38897,1.38897
"SUR",2008,0,0,0
"ZAF",2005,1.27298,1.27298,1.27298
"DOM",2001,0.35392,0.35392,0.35392
"MWI",2016,40.39244,37.20297,44.07173
"KOR",2021,0,0,0
"GAB",2022,17.69004,15.22166,21.88628
"SDN",2004,12.79918,4.98746,24.30601
"ERI",2017,7.0151,2.82509,12.95095
"AFR",2013,66.69891,63.28264,71.74124
"KGZ",2011,0,0,0
"CIV",2018,40.14685,36.40379,44.23945
"TGO",2014,68.5585,62.64344,75.16946
"ERI",2023,13.22618,5.35963,24.23359
"AFG",2007,1.17974,0.4399,2.44446
"IDN",2019,0.51195,0.25395,0.78573
"NER",2021,139.71841,117.5733,167.08337
"BDI",2004,111.5495,102.94562,121.3571
"CRI",2015,0,0,0
"TZA",2007,56.25609,54.26022,58.42096
"PRK",2023,0,0,0
"CHN",2003,0.0096,0.0096,0.0096
"SUR",2019,0,0,0
"HND",2022,0,0,0
"BRA",2021,0.13635,0.13635,0.13635
"UGA",2017,39.33058,35.90826,43.65391
"AFG",2020,0.36467,0.14918,0.6332
"LAO",2004,3.49024,3.49024,3.49024
"LBR",2008,93.14308,87.22841,99.55501
"SEAR",2000,2.7304,1.53967,4.21564
"ZWE",2005,26.25692,4.80148,74.16282
"NGA",2009,134.83352,125.07829,145.14834
"MLI",2008,132.53657,124.2773,141.37814
"CRI",2018,0,0,0
"THA",2001,3.51039,3.51039,3.51039
"SOM",2003,33.63556,13.95628,60.63129
"MAR",2023,0,0,0
"AGO",2016,44.41274,32.71066,61.97103
"BEN",2013,78.8041,72.92111,85.24762
"UZB",2015,0,0,0
"LBR",2012,67.50448,63.06821,72.62677
"AFR",2005,109.69692,103.66946,113.81785
"GHA",2000,100.54444,96.69968,104.78133
"AFR",2014,64.27865,60.48711,70.1488
"UZB",2000,0,0,0
"COG",2017,39.37574,34.81585,46.30901
"KOR",2015,0,0,0
"COM",2003,15.6196,5.44053,31.2392
"MLI",2001,191.80404,181.30216,203.1286
"TJK",2016,0,0,0
"WPR",2006,0.70379,0.37085,1.19743
"VEN",2007,0.26764,0.13744,0.41231
"RWA",2009,29.51166,28.70652,30.36649
"DJI",2015,3.13663,1.43762,4.83564
"WPR",2020,0.41286,0.1875,0.71384
"LAO",2021,0.15471,0.05157,0.28364
"TKM",2008,0,0,0
"KHM",2007,4.00129,1.77722,7.29168
"CIV",2010,143.15594,132.77699,154.07729
"KGZ",2015,0,0,0
"SOM",2018,14.43781,5.77884,27.45836
"BEN",2000,88.66433,83.98394,93.6909
"ETH",2002,42.27282,9.63938,95.05246
"BGD",2011,0.93641,0.4229,1.51638
"CMR",2001,124.12562,116.41799,132.42113
"PRK",2017,0,0,0
"GNB",2018,43.80473,38.02999,51.76449
"ERI",2011,4.70237,1.90096,8.60435
"IND",2014,1.63343,0.74368,2.8472
"KEN",2016,21.77621,21.30259,22.29138
"MDG",2002,12.65533,0.35898,33.97196
"KOR",2002,0,0,0
"SLE",2010,229.72292,213.94202,245.93771
"TLS",2004,51.38464,21.17184,92.01455
"ZWE",2023,12.64455,4.67837,24.12334
"ECU",2020,0.03017,0.03017,0.03017
"PER",2002,1.00768,0.50384,1.57683
"AFG",2002,6.86434,3.22921,12.34158
"TKM",2001,0,0,0
"COL",2023,0.18993,0.18993,0.18993
"HTI",2007,2.23303,0.83589,4.48993
"NER",2001,186.61739,174.86467,199.7207
"UGA",2005,110.6844,105.08769,116.51714
"BDI",2018,54.1172,45.44057,67.14479
"PER",2006,0.46743,0.22472,0.72811
"MAR",2006,0,0,0
"BFA",2013,148.85782,129.98838,169.88587
"TJK",2009,0,0,0
"MOZ",2018,65.40623,51.1429,87.95389
"MLI",2000,196.29233,185.38336,208.03181
"PAK",2006,0.4993,0.15681,1.36717
"SWZ",2011,0.3195,0.3195,0.3195
"PRY",2021,0,0,0
"NPL",2015,0,0,0
"MDG",2003,16.14112,0.38181,43.57066
"KOR",2018,0,0,0
"SEN",2004,32.34417,31.60617,33.12772
"GTM",2018,0,0,0
"AZE",2011,0,0,0
"YEM",2009,10.66027,3.72121,29.10556
"GTM",2021,0,0,0
"THA",2012,0.28081,0.28081,0.28081
"PNG",2020,30.17601,13.05046,53.42463
"SWZ",2013,1.26423,NA,NA
"PAK",2001,0.73061,0.23502,1.90003
"KHM",2010,6.24297,3.02454,10.05273
"GMB",2000,31.3384,30.30753,32.50671
"MLI",2009,125.96905,117.8966,134.67623
"AGO",2017,45.80478,33.09088,65.78181
